node_count,load_scale,seed,run_id,source_manifest_hash,result_path,result_file_sha256,arrivals,completed,throughput_requests_per_ms,qpr,drained_cohort_mean_latency_ms,cost_per_completed_request,completion_rate
20,1.0,E01,E1.sche_nash.low.homogeneous.n20.E01.ae28b750c6e32908,f073a3a526f5574dbec49fbcf4bbb52b43760f964cdda08104d79bf51387af5e,C:\Users\99349\Desktop\serverless_sim_game\tmp\formal_e1_atomic_hpa_reviewer_v3_20260813\formal-runs\canonical\E1.sche_nash.low.homogeneous.n20.E01.ae28b750c6e32908\reviewer_records\E1.sche_nash.low.homogeneous.n20.E01.ae28b750c6e32908\summary.json,849947d69fe180c6f9bde75227c7a8744af86aa1ad6c02e7f3f1a9a53e6fd35e,1920,1810,1.81,0.1002735387322157,48.21767955801105,0.37435697271020374,0.9427083333333334
20,1.0,E02,E1.sche_nash.low.homogeneous.n20.E02.58d4eecf75b23724,f073a3a526f5574dbec49fbcf4bbb52b43760f964cdda08104d79bf51387af5e,C:\Users\99349\Desktop\serverless_sim_game\tmp\formal_e1_atomic_hpa_reviewer_v3_20260813\formal-runs\canonical\E1.sche_nash.low.homogeneous.n20.E02.58d4eecf75b23724\reviewer_records\E1.sche_nash.low.homogeneous.n20.E02.58d4eecf75b23724\summary.json,428678354dd2f753848f108d3048912f8798d1bc1f37a682df966b1abac27b41,1907,1533,1.533,0.03294109116901699,122.76777560339204,0.3790703242850008,0.8038804404824331
20,1.0,E03,E1.sche_nash.low.homogeneous.n20.E03.0ce7ef24c4750e0a,f073a3a526f5574dbec49fbcf4bbb52b43760f964cdda08104d79bf51387af5e,C:\Users\99349\Desktop\serverless_sim_game\tmp\formal_e1_atomic_hpa_reviewer_v3_20260813\formal-runs\canonical\E1.sche_nash.low.homogeneous.n20.E03.0ce7ef24c4750e0a\reviewer_records\E1.sche_nash.low.homogeneous.n20.E03.0ce7ef24c4750e0a\summary.json,694321217a841db4fd68e142ba757288a9b42a7e853afc9ab9b910da6cdd7484,1949,1874,1.874,0.05147435645155268,145.07577374599788,0.2509480153738244,0.961518727552591
20,1.0,E04,E1.sche_nash.low.homogeneous.n20.E04.49cbb5bd74911a4e,f073a3a526f5574dbec49fbcf4bbb52b43760f964cdda08104d79bf51387af5e,C:\Users\99349\Desktop\serverless_sim_game\tmp\formal_e1_atomic_hpa_reviewer_v3_20260813\formal-runs\canonical\E1.sche_nash.low.homogeneous.n20.E04.49cbb5bd74911a4e\reviewer_records\E1.sche_nash.low.homogeneous.n20.E04.49cbb5bd74911a4e\summary.json,771da1a6631f4934dc4b3ea9dfe000cdf3603315599794f07b72ff248b5a8ed3,1885,1218,1.218,0.02108567386641109,137.38505747126436,0.42045575722880746,0.6461538461538462
20,1.0,E05,E1.sche_nash.low.homogeneous.n20.E05.8e10b7c136527098,f073a3a526f5574dbec49fbcf4bbb52b43760f964cdda08104d79bf51387af5e,C:\Users\99349\Desktop\serverless_sim_game\tmp\formal_e1_atomic_hpa_reviewer_v3_20260813\formal-runs\canonical\E1.sche_nash.low.homogeneous.n20.E05.8e10b7c136527098\reviewer_records\E1.sche_nash.low.homogeneous.n20.E05.8e10b7c136527098\summary.json,12933f59358d43e7638ece2ab9ab12aaf4dcf24df4a18419d57595d91c23bef0,1939,1447,1.447,0.02807340577497355,136.75604699378025,0.37690065248142707,0.7462609592573491
20,1.0,E06,E1.sche_nash.low.homogeneous.n20.E06.1534bb195f4396cd,f073a3a526f5574dbec49fbcf4bbb52b43760f964cdda08104d79bf51387af5e,C:\Users\99349\Desktop\serverless_sim_game\tmp\formal_e1_atomic_hpa_reviewer_v3_20260813\formal-runs\canonical\E1.sche_nash.low.homogeneous.n20.E06.1534bb195f4396cd\reviewer_records\E1.sche_nash.low.homogeneous.n20.E06.1534bb195f4396cd\summary.json,bab80303d519087266ea0ee185051dc185dfcf015cf49928b23a2efe19924759,1918,769,0.769,0.007457073539798308,118.15994798439532,0.872745508955421,0.40093847758081336
20,1.0,E07,E1.sche_nash.low.homogeneous.n20.E07.9e5284b113b712e6,f073a3a526f5574dbec49fbcf4bbb52b43760f964cdda08104d79bf51387af5e,C:\Users\99349\Desktop\serverless_sim_game\tmp\formal_e1_atomic_hpa_reviewer_v3_20260813\formal-runs\canonical\E1.sche_nash.low.homogeneous.n20.E07.9e5284b113b712e6\reviewer_records\E1.sche_nash.low.homogeneous.n20.E07.9e5284b113b712e6\summary.json,6134791b645c6b3ebbb3234c96ab9b6feeeb310052e304333c2a0aa6c4982959,1915,1415,1.415,0.08874925043491425,36.64876325088339,0.4350432379085689,0.7389033942558747
20,1.0,E08,E1.sche_nash.low.homogeneous.n20.E08.5edb5ed9b1a4eda3,f073a3a526f5574dbec49fbcf4bbb52b43760f964cdda08104d79bf51387af5e,C:\Users\99349\Desktop\serverless_sim_game\tmp\formal_e1_atomic_hpa_reviewer_v3_20260813\formal-runs\canonical\E1.sche_nash.low.homogeneous.n20.E08.5edb5ed9b1a4eda3\reviewer_records\E1.sche_nash.low.homogeneous.n20.E08.5edb5ed9b1a4eda3\summary.json,ac4ad5c77ca2b931122767573157989f80e90f655a4ba17d03ed5c5e1cc76963,1952,1608,1.608,0.029963294714280043,138.33519900497512,0.3879393012962531,0.8237704918032787
20,1.0,E09,E1.sche_nash.low.homogeneous.n20.E09.66e9248d010419a8,f073a3a526f5574dbec49fbcf4bbb52b43760f964cdda08104d79bf51387af5e,C:\Users\99349\Desktop\serverless_sim_game\tmp\formal_e1_atomic_hpa_reviewer_v3_20260813\formal-runs\canonical\E1.sche_nash.low.homogeneous.n20.E09.66e9248d010419a8\reviewer_records\E1.sche_nash.low.homogeneous.n20.E09.66e9248d010419a8\summary.json,12a891ac310a47ed5535e891870adc26fec02e878ba3e81043ae40445b5d40a5,1931,1661,1.661,0.04480475542421866,185.4244431065623,0.1999302633837861,0.8601760745727602
20,1.0,E10,E1.sche_nash.low.homogeneous.n20.E10.d60e84f74e731fea,f073a3a526f5574dbec49fbcf4bbb52b43760f964cdda08104d79bf51387af5e,C:\Users\99349\Desktop\serverless_sim_game\tmp\formal_e1_atomic_hpa_reviewer_v3_20260813\formal-runs\canonical\E1.sche_nash.low.homogeneous.n20.E10.d60e84f74e731fea\reviewer_records\E1.sche_nash.low.homogeneous.n20.E10.d60e84f74e731fea\summary.json,4d9d850811f0624ea895e9888dee507099dd95a94efd702adb3beb2fb11851d5,1909,1369,1.369,0.023837302384655406,113.3571950328707,0.5066374060531181,0.7171293871136721
20,1.0,E11,E1.sche_nash.low.homogeneous.n20.E11.20b5e75a480c683d,f073a3a526f5574dbec49fbcf4bbb52b43760f964cdda08104d79bf51387af5e,C:\Users\99349\Desktop\serverless_sim_game\tmp\formal_e1_atomic_hpa_reviewer_v3_20260813\formal-runs\canonical\E1.sche_nash.low.homogeneous.n20.E11.20b5e75a480c683d\reviewer_records\E1.sche_nash.low.homogeneous.n20.E11.20b5e75a480c683d\summary.json,7e61b6264521c137e39be48648c1e291a7a4f73ec6bec90914d94082fe98ad9b,1936,834,0.834,0.007955774486105387,97.88489208633094,1.0709468557966126,0.43078512396694213
20,1.0,E12,E1.sche_nash.low.homogeneous.n20.E12.04348d0325dee69e,f073a3a526f5574dbec49fbcf4bbb52b43760f964cdda08104d79bf51387af5e,C:\Users\99349\Desktop\serverless_sim_game\tmp\formal_e1_atomic_hpa_reviewer_v3_20260813\formal-runs\canonical\E1.sche_nash.low.homogeneous.n20.E12.04348d0325dee69e\reviewer_records\E1.sche_nash.low.homogeneous.n20.E12.04348d0325dee69e\summary.json,5e6e8ce93d86f28749a0a0303003a065cdcb67d5d168ee3e5bfb4dfb0400b200,1931,1338,1.338,0.015713851197250238,205.62107623318386,0.41410058995177035,0.6929052304505438
20,1.0,E13,E1.sche_nash.low.homogeneous.n20.E13.07253daf45fa34f6,f073a3a526f5574dbec49fbcf4bbb52b43760f964cdda08104d79bf51387af5e,C:\Users\99349\Desktop\serverless_sim_game\tmp\formal_e1_atomic_hpa_reviewer_v3_20260813\formal-runs\canonical\E1.sche_nash.low.homogeneous.n20.E13.07253daf45fa34f6\reviewer_records\E1.sche_nash.low.homogeneous.n20.E13.07253daf45fa34f6\summary.json,2a4d1b4f48dcb0fade9adce0273319f611fb1f35ea431d5345f2447bf6331337,1866,1547,1.547,0.029338470329005304,164.98125404007757,0.31960844546652795,0.8290460878885316
20,1.0,E14,E1.sche_nash.low.homogeneous.n20.E14.8d0efe5dfd09d155,f073a3a526f5574dbec49fbcf4bbb52b43760f964cdda08104d79bf51387af5e,C:\Users\99349\Desktop\serverless_sim_game\tmp\formal_e1_atomic_hpa_reviewer_v3_20260813\formal-runs\canonical\E1.sche_nash.low.homogeneous.n20.E14.8d0efe5dfd09d155\reviewer_records\E1.sche_nash.low.homogeneous.n20.E14.8d0efe5dfd09d155\summary.json,e7205baa9cee8340a890bb917f4acfe32f71d5ec61eee2af5a2d48387c5ecc4f,1913,1878,1.878,0.13294892336664849,48.09797657082002,0.2936864818373935,0.98170412963931
20,1.0,E15,E1.sche_nash.low.homogeneous.n20.E15.42e5610f06593915,f073a3a526f5574dbec49fbcf4bbb52b43760f964cdda08104d79bf51387af5e,C:\Users\99349\Desktop\serverless_sim_game\tmp\formal_e1_atomic_hpa_reviewer_v3_20260813\formal-runs\canonical\E1.sche_nash.low.homogeneous.n20.E15.42e5610f06593915\reviewer_records\E1.sche_nash.low.homogeneous.n20.E15.42e5610f06593915\summary.json,c8f1dce84d05d11bcff6d6dcb67ac70a49611d1707ce9030eefe70337f15edc5,1961,1062,1.062,0.00856040271320521,181.07721280602635,0.6851198013219456,0.5415604283528812
20,1.0,E16,E1.sche_nash.low.homogeneous.n20.E16.c76632afa0e68f04,f073a3a526f5574dbec49fbcf4bbb52b43760f964cdda08104d79bf51387af5e,C:\Users\99349\Desktop\serverless_sim_game\tmp\formal_e1_atomic_hpa_reviewer_v3_20260813\formal-runs\canonical\E1.sche_nash.low.homogeneous.n20.E16.c76632afa0e68f04\reviewer_records\E1.sche_nash.low.homogeneous.n20.E16.c76632afa0e68f04\summary.json,0dcadc689319fd37e11661fcfb94bdf947f25c42d425244a25e167a81eb799e0,1888,1818,1.818,0.07283806257766447,130.63146314631464,0.19106788761151505,0.9629237288135594
20,1.0,E17,E1.sche_nash.low.homogeneous.n20.E17.be797d0f4f584723,f073a3a526f5574dbec49fbcf4bbb52b43760f964cdda08104d79bf51387af5e,C:\Users\99349\Desktop\serverless_sim_game\tmp\formal_e1_atomic_hpa_reviewer_v3_20260813\formal-runs\canonical\E1.sche_nash.low.homogeneous.n20.E17.be797d0f4f584723\reviewer_records\E1.sche_nash.low.homogeneous.n20.E17.be797d0f4f584723\summary.json,f9a4aaeacf77f05dbf2e796fe5e4a7b3d1971f596e87e6bc6e63ece1d1f87580,1953,1478,1.478,0.02679621254527633,140.87753721244925,0.39152479365326875,0.756784434203789
20,1.0,E18,E1.sche_nash.low.homogeneous.n20.E18.b1f06418ff780599,f073a3a526f5574dbec49fbcf4bbb52b43760f964cdda08104d79bf51387af5e,C:\Users\99349\Desktop\serverless_sim_game\tmp\formal_e1_atomic_hpa_reviewer_v3_20260813\formal-runs\canonical\E1.sche_nash.low.homogeneous.n20.E18.b1f06418ff780599\reviewer_records\E1.sche_nash.low.homogeneous.n20.E18.b1f06418ff780599\summary.json,fa5b8b1bdf7d7f16a2c0dad73635117c551f745aecf0cf5c642af0d137753f10,1924,833,0.833,0.008772939402718984,103.71908763505402,0.9154638173628826,0.43295218295218296
20,1.0,E19,E1.sche_nash.low.homogeneous.n20.E19.6c2a52ed157ab382,f073a3a526f5574dbec49fbcf4bbb52b43760f964cdda08104d79bf51387af5e,C:\Users\99349\Desktop\serverless_sim_game\tmp\formal_e1_atomic_hpa_reviewer_v3_20260813\formal-runs\canonical\E1.sche_nash.low.homogeneous.n20.E19.6c2a52ed157ab382\reviewer_records\E1.sche_nash.low.homogeneous.n20.E19.6c2a52ed157ab382\summary.json,4c02500f98581c55a5bc10052869b24fe10537fb0ab60e5ebd394a24b71692ae,1903,1502,1.502,0.05830432993752902,52.69374167776298,0.48888879768381743,0.789280084077772
20,1.0,E20,E1.sche_nash.low.homogeneous.n20.E20.3dc7151388befe47,f073a3a526f5574dbec49fbcf4bbb52b43760f964cdda08104d79bf51387af5e,C:\Users\99349\Desktop\serverless_sim_game\tmp\formal_e1_atomic_hpa_reviewer_v3_20260813\formal-runs\canonical\E1.sche_nash.low.homogeneous.n20.E20.3dc7151388befe47\reviewer_records\E1.sche_nash.low.homogeneous.n20.E20.3dc7151388befe47\summary.json,d393b5d619f83adef5c839c33f05b87da3cad164369c61f0fa82cea71ff649de,1927,1787,1.787,0.029314024985279227,201.45327364297705,0.30260407330940475,0.9273482096523092
100,5.0,E01,E2.sche_nash.low.homogeneous.n100.scale5.E01.6f47054d27388f36,0c2876d27afed67e5d191bc08fbccd1fa1f2994f9a0bd6c115fa820194db6515,C:\Users\99349\Desktop\serverless_sim_game\tmp\formal_e2_reviewer_v3_20260817\formal-runs-composite\canonical\E2.sche_nash.low.homogeneous.n100.scale5.E01.6f47054d27388f36\reviewer_records\E2.sche_nash.low.homogeneous.n100.scale5.E01.6f47054d27388f36\summary.json,43410ed5d644f1247b65c4097f3b0bc7b600f01fc9e8f62e2956fa9ed76e8e69,9600,9162,9.162,0.27776889623500717,105.98100851342501,0.3112279745825147,0.954375
100,5.0,E02,E2.sche_nash.low.homogeneous.n100.scale5.E02.8b38b20c300a60ec,0c2876d27afed67e5d191bc08fbccd1fa1f2994f9a0bd6c115fa820194db6515,C:\Users\99349\Desktop\serverless_sim_game\tmp\formal_e2_reviewer_v3_20260817\formal-runs-composite\canonical\E2.sche_nash.low.homogeneous.n100.scale5.E02.8b38b20c300a60ec\reviewer_records\E2.sche_nash.low.homogeneous.n100.scale5.E02.8b38b20c300a60ec\summary.json,8d2fc5a709ea406624b1a98e204e59ef8e5ea4c126520b6ec9ae9f082811b499,9535,7843,7.843,0.16824934613107112,132.02142037485655,0.3530891960287039,0.8225485055060304
100,5.0,E03,E2.sche_nash.low.homogeneous.n100.scale5.E03.16012f006cf14202,0c2876d27afed67e5d191bc08fbccd1fa1f2994f9a0bd6c115fa820194db6515,C:\Users\99349\Desktop\serverless_sim_game\tmp\formal_e2_reviewer_v3_20260817\formal-runs-composite\canonical\E2.sche_nash.low.homogeneous.n100.scale5.E03.16012f006cf14202\reviewer_records\E2.sche_nash.low.homogeneous.n100.scale5.E03.16012f006cf14202\summary.json,44813cd5676ddd5d253c0f585d511ee982a80cd6e4cae32d27d9aef85124dcaa,9745,5693,5.693,0.07266716246590509,325.64236782013,0.2405814166314443,0.5841970241149307
100,5.0,E04,E2.sche_nash.low.homogeneous.n100.scale5.E04.601fd59731352de2,0c2876d27afed67e5d191bc08fbccd1fa1f2994f9a0bd6c115fa820194db6515,C:\Users\99349\Desktop\serverless_sim_game\tmp\formal_e2_reviewer_v3_20260817\formal-runs-composite\canonical\E2.sche_nash.low.homogeneous.n100.scale5.E04.601fd59731352de2\reviewer_records\E2.sche_nash.low.homogeneous.n100.scale5.E04.601fd59731352de2\summary.json,148a596182547c04caaf2ae530c6c8cde5902af139e3270c365c34b182ffa0a5,9425,6668,6.668,0.2549640904481977,81.0502399520096,0.3226727335197023,0.7074801061007957
100,5.0,E05,E2.sche_nash.low.homogeneous.n100.scale5.E05.d7276168640a37e0,0c2876d27afed67e5d191bc08fbccd1fa1f2994f9a0bd6c115fa820194db6515,C:\Users\99349\Desktop\serverless_sim_game\tmp\formal_e2_reviewer_v3_20260817\formal-runs-composite\canonical\E2.sche_nash.low.homogeneous.n100.scale5.E05.d7276168640a37e0\reviewer_records\E2.sche_nash.low.homogeneous.n100.scale5.E05.d7276168640a37e0\summary.json,e3aac067f75e26c05584a96f44ad11747d5bae042a1ab0a9e127401d58ff161f,9695,6693,6.693,0.13924916976037005,153.60914388166742,0.31290401935791123,0.6903558535327489
100,5.0,E06,E2.sche_nash.low.homogeneous.n100.scale5.E06.e9458cb68039a42b,0c2876d27afed67e5d191bc08fbccd1fa1f2994f9a0bd6c115fa820194db6515,C:\Users\99349\Desktop\serverless_sim_game\tmp\formal_e2_reviewer_v3_20260817\formal-runs-composite\canonical\E2.sche_nash.low.homogeneous.n100.scale5.E06.e9458cb68039a42b\reviewer_records\E2.sche_nash.low.homogeneous.n100.scale5.E06.e9458cb68039a42b\summary.json,263983394d8b5289ae786679f89347ac9ffe65b3708a87dd6994cf77cb4b15e4,9590,3885,3.885,0.04807996453641991,98.84272844272844,0.8174894551359395,0.4051094890510949
100,5.0,E07,E2.sche_nash.low.homogeneous.n100.scale5.E07.6c0eedf2c6add7d8,0c2876d27afed67e5d191bc08fbccd1fa1f2994f9a0bd6c115fa820194db6515,C:\Users\99349\Desktop\serverless_sim_game\tmp\formal_e2_reviewer_v3_20260817\formal-runs-composite\canonical\E2.sche_nash.low.homogeneous.n100.scale5.E07.6c0eedf2c6add7d8\reviewer_records\E2.sche_nash.low.homogeneous.n100.scale5.E07.6c0eedf2c6add7d8\summary.json,87ebf92f8a8b49b3cb4bad1cd91c6a2bb30fb4fc6b88f4d95fa60fee754e97ba,9575,6877,6.877,0.26044887701519154,68.39261305801949,0.3860711401001527,0.71822454308094
100,5.0,E08,E2.sche_nash.low.homogeneous.n100.scale5.E08.b9bce4a6a31dfef5,0c2876d27afed67e5d191bc08fbccd1fa1f2994f9a0bd6c115fa820194db6515,C:\Users\99349\Desktop\serverless_sim_game\tmp\formal_e2_reviewer_v3_20260817\formal-runs-composite\canonical\E2.sche_nash.low.homogeneous.n100.scale5.E08.b9bce4a6a31dfef5\reviewer_records\E2.sche_nash.low.homogeneous.n100.scale5.E08.b9bce4a6a31dfef5\summary.json,5428ef722eb5c6aa76e16f499c24db48508e4fac3a363eb1ded10c9e70899752,9760,6383,6.383,0.08137491922945475,188.5068149772834,0.41610910450611,0.6539959016393443
100,5.0,E09,E2.sche_nash.low.homogeneous.n100.scale5.E09.68a3c58e04e2728b,0c2876d27afed67e5d191bc08fbccd1fa1f2994f9a0bd6c115fa820194db6515,C:\Users\99349\Desktop\serverless_sim_game\tmp\formal_e2_reviewer_v3_20260817\formal-runs-composite\canonical\E2.sche_nash.low.homogeneous.n100.scale5.E09.68a3c58e04e2728b\reviewer_records\E2.sche_nash.low.homogeneous.n100.scale5.E09.68a3c58e04e2728b\summary.json,16f97b194a8fae85bba4d5872133b97946cac2333b4cfa3a75be58777f2599fc,9655,5240,5.24,0.17913061338235192,246.62709923664121,0.11860982880337548,0.5427239772138788
100,5.0,E10,E2.sche_nash.low.homogeneous.n100.scale5.E10.cf6c9eaec59704e9,0c2876d27afed67e5d191bc08fbccd1fa1f2994f9a0bd6c115fa820194db6515,C:\Users\99349\Desktop\serverless_sim_game\tmp\formal_e2_reviewer_v3_20260817\formal-runs-composite\canonical\E2.sche_nash.low.homogeneous.n100.scale5.E10.cf6c9eaec59704e9\reviewer_records\E2.sche_nash.low.homogeneous.n100.scale5.E10.cf6c9eaec59704e9\summary.json,6bde2c5905c5aa82a66e8cb98538673475ce0bca4545b3a55d78f94b8834b99f,9545,5608,5.608,0.05302418066050063,215.0206847360913,0.4918739220895373,0.5875327396542692
100,5.0,E11,E2.sche_nash.low.homogeneous.n100.scale5.E11.1356544a99af93f2,fbf100bd759e7fff73685505a539c9d075f2ebb501713fc8c67b49118afaeb48,C:\Users\99349\Desktop\serverless_sim_game\tmp\formal_e2_extension_reviewer_v3_20260819\formal-runs\canonical\E2.sche_nash.low.homogeneous.n100.scale5.E11.1356544a99af93f2\reviewer_records\E2.sche_nash.low.homogeneous.n100.scale5.E11.1356544a99af93f2\summary.json,f53f6bd01ddee364712b0f11c0470b34667071d1ebb02dc4cc70c22f16053aa6,9680,3675,3.675,0.024590311927921098,130.25224489795917,1.1473821481717688,0.37964876033057854
100,5.0,E12,E2.sche_nash.low.homogeneous.n100.scale5.E12.42d94203f4b1c572,fbf100bd759e7fff73685505a539c9d075f2ebb501713fc8c67b49118afaeb48,C:\Users\99349\Desktop\serverless_sim_game\tmp\formal_e2_extension_reviewer_v3_20260819\formal-runs\canonical\E2.sche_nash.low.homogeneous.n100.scale5.E12.42d94203f4b1c572\reviewer_records\E2.sche_nash.low.homogeneous.n100.scale5.E12.42d94203f4b1c572\summary.json,8b0c5de74830ab81f8a021f3fbb662858e6919f7fe8a1a7c999b47a06af2148e,9655,3588,3.588,0.02287862878597115,301.6992753623188,0.5198142435505504,0.37162092180217504
100,5.0,E13,E2.sche_nash.low.homogeneous.n100.scale5.E13.62f78f11c6ff1c99,fbf100bd759e7fff73685505a539c9d075f2ebb501713fc8c67b49118afaeb48,C:\Users\99349\Desktop\serverless_sim_game\tmp\formal_e2_extension_reviewer_v3_20260819\formal-runs\canonical\E2.sche_nash.low.homogeneous.n100.scale5.E13.62f78f11c6ff1c99\reviewer_records\E2.sche_nash.low.homogeneous.n100.scale5.E13.62f78f11c6ff1c99\summary.json,b10137adbc5b4126adf608c6e7835c860e2301be230d09ef9c9b6ec4380be898,9330,7148,7.148,0.0993878366246969,231.58757694459987,0.3105532278478246,0.7661307609860665
100,5.0,E14,E2.sche_nash.low.homogeneous.n100.scale5.E14.0ae70dfc7a33856f,fbf100bd759e7fff73685505a539c9d075f2ebb501713fc8c67b49118afaeb48,C:\Users\99349\Desktop\serverless_sim_game\tmp\formal_e2_extension_reviewer_v3_20260819\formal-runs\canonical\E2.sche_nash.low.homogeneous.n100.scale5.E14.0ae70dfc7a33856f\reviewer_records\E2.sche_nash.low.homogeneous.n100.scale5.E14.0ae70dfc7a33856f\summary.json,d5b66e535dab529cfcbcace44eae3d613518a52fcbf985d2515558fc4ea218ce,9565,9085,9.085,0.3167439631025136,98.47077600440286,0.29127903352022566,0.9498170412963931
100,5.0,E15,E2.sche_nash.low.homogeneous.n100.scale5.E15.e2de549bc7b446e8,fbf100bd759e7fff73685505a539c9d075f2ebb501713fc8c67b49118afaeb48,C:\Users\99349\Desktop\serverless_sim_game\tmp\formal_e2_extension_reviewer_v3_20260819\formal-runs\canonical\E2.sche_nash.low.homogeneous.n100.scale5.E15.e2de549bc7b446e8\reviewer_records\E2.sche_nash.low.homogeneous.n100.scale5.E15.e2de549bc7b446e8\summary.json,210066a730633e117e2fb3708a258497ec204e745efe56a093ba98017cd4c437,9805,3886,3.886,0.02193682698200345,208.65131240349973,0.8490003427769557,0.39632840387557366
100,5.0,E16,E2.sche_nash.low.homogeneous.n100.scale5.E16.62710e83259d14d1,fbf100bd759e7fff73685505a539c9d075f2ebb501713fc8c67b49118afaeb48,C:\Users\99349\Desktop\serverless_sim_game\tmp\formal_e2_extension_reviewer_v3_20260819\formal-runs\canonical\E2.sche_nash.low.homogeneous.n100.scale5.E16.62710e83259d14d1\reviewer_records\E2.sche_nash.low.homogeneous.n100.scale5.E16.62710e83259d14d1\summary.json,a904026c18d7b2315cb5ab3442e9d96efa42478d8d78462863c646d14d736de1,9440,6793,6.793,0.17302226348123698,220.0353304872663,0.17842972473387125,0.7195974576271187
100,5.0,E17,E2.sche_nash.low.homogeneous.n100.scale5.E17.572b6825e42739ea,fbf100bd759e7fff73685505a539c9d075f2ebb501713fc8c67b49118afaeb48,C:\Users\99349\Desktop\serverless_sim_game\tmp\formal_e2_extension_reviewer_v3_20260819\formal-runs\canonical\E2.sche_nash.low.homogeneous.n100.scale5.E17.572b6825e42739ea\reviewer_records\E2.sche_nash.low.homogeneous.n100.scale5.E17.572b6825e42739ea\summary.json,0b2d0786ef1f0e290d289bfd121b0d13a59ede0ff8bc111f086f0aa8437ee309,9765,4425,4.425,0.04731729740460902,199.26350282485876,0.4693162407309322,0.45314900153609833
100,5.0,E18,E2.sche_nash.low.homogeneous.n100.scale5.E18.95ea734e8a032013,fbf100bd759e7fff73685505a539c9d075f2ebb501713fc8c67b49118afaeb48,C:\Users\99349\Desktop\serverless_sim_game\tmp\formal_e2_extension_reviewer_v3_20260819\formal-runs\canonical\E2.sche_nash.low.homogeneous.n100.scale5.E18.95ea734e8a032013\reviewer_records\E2.sche_nash.low.homogeneous.n100.scale5.E18.95ea734e8a032013\summary.json,3a96d62890f4807b8019f8b3d92205c627270b93fb3b9353ae0978bce19b1180,9620,3662,3.662,0.028418891201753546,146.90551611141453,0.8771484641674632,0.38066528066528066
100,5.0,E19,E2.sche_nash.low.homogeneous.n100.scale5.E19.fed79cd594ba3cb7,fbf100bd759e7fff73685505a539c9d075f2ebb501713fc8c67b49118afaeb48,C:\Users\99349\Desktop\serverless_sim_game\tmp\formal_e2_extension_reviewer_v3_20260819\formal-runs\canonical\E2.sche_nash.low.homogeneous.n100.scale5.E19.fed79cd594ba3cb7\reviewer_records\E2.sche_nash.low.homogeneous.n100.scale5.E19.fed79cd594ba3cb7\summary.json,8ad8907bb55d0ea17cd4b21c5a3c780e12b10210711c7a42d91d21af62ba77f9,9515,7197,7.197,0.20218273661239072,72.97387800472418,0.48779798928807144,0.7563846558066212
100,5.0,E20,E2.sche_nash.low.homogeneous.n100.scale5.E20.9b0c48e68e1ee1dc,fbf100bd759e7fff73685505a539c9d075f2ebb501713fc8c67b49118afaeb48,C:\Users\99349\Desktop\serverless_sim_game\tmp\formal_e2_extension_reviewer_v3_20260819\formal-runs\canonical\E2.sche_nash.low.homogeneous.n100.scale5.E20.9b0c48e68e1ee1dc\reviewer_records\E2.sche_nash.low.homogeneous.n100.scale5.E20.9b0c48e68e1ee1dc\summary.json,582369eaf4204b40586f26360b71cf6d2cb6fb5c5b839a5866095bbf449ba588,9635,4232,4.232,0.05002622924257965,226.43336483931947,0.3736005180950201,0.439231966787753
500,25.0,E01,E2.sche_nash.low.homogeneous.n500.scale25.E01.e2f5ae068160f4a7,0c2876d27afed67e5d191bc08fbccd1fa1f2994f9a0bd6c115fa820194db6515,C:\Users\99349\Desktop\serverless_sim_game\tmp\formal_e2_reviewer_v3_20260817\formal-runs-composite\canonical\E2.sche_nash.low.homogeneous.n500.scale25.E01.e2f5ae068160f4a7\reviewer_records\E2.sche_nash.low.homogeneous.n500.scale25.E01.e2f5ae068160f4a7\summary.json,98c116ec0f699e48f93a6c7d1cd316fda44612b6a436aa8242b4da308a52b1f9,48000,40265,40.265,0.9648919951194248,127.60615919533093,0.3270222956506892,0.8388541666666667
500,25.0,E02,E2.sche_nash.low.homogeneous.n500.scale25.E02.cfdcedbb92370d53,0c2876d27afed67e5d191bc08fbccd1fa1f2994f9a0bd6c115fa820194db6515,C:\Users\99349\Desktop\serverless_sim_game\tmp\formal_e2_reviewer_v3_20260817\formal-runs-composite\canonical\E2.sche_nash.low.homogeneous.n500.scale25.E02.cfdcedbb92370d53\reviewer_records\E2.sche_nash.low.homogeneous.n500.scale25.E02.cfdcedbb92370d53\summary.json,57eb2fb6bc1a092bdb557e923d3af29352419ab933fc66f2e9d1d3db1d39447b,47675,29536,29.536,0.636581874403855,94.81602112676056,0.48934559599937366,0.6195280545359203
500,25.0,E03,E2.sche_nash.low.homogeneous.n500.scale25.E03.1e9cc297e4ead99b,0c2876d27afed67e5d191bc08fbccd1fa1f2994f9a0bd6c115fa820194db6515,C:\Users\99349\Desktop\serverless_sim_game\tmp\formal_e2_reviewer_v3_20260817\formal-runs-composite\canonical\E2.sche_nash.low.homogeneous.n500.scale25.E03.1e9cc297e4ead99b\reviewer_records\E2.sche_nash.low.homogeneous.n500.scale25.E03.1e9cc297e4ead99b\summary.json,6ec73143b2968880ee551ec98838e3f9d0c9b00096b048c7aeec410d1f7f57f5,48725,16394,16.394,0.15858632370894762,327.0972306941564,0.3160402028752897,0.3364597229348384
500,25.0,E04,E2.sche_nash.low.homogeneous.n500.scale25.E04.99c785fa7f2b4b1e,0c2876d27afed67e5d191bc08fbccd1fa1f2994f9a0bd6c115fa820194db6515,C:\Users\99349\Desktop\serverless_sim_game\tmp\formal_e2_reviewer_v3_20260817\formal-runs-composite\canonical\E2.sche_nash.low.homogeneous.n500.scale25.E04.99c785fa7f2b4b1e\reviewer_records\E2.sche_nash.low.homogeneous.n500.scale25.E04.99c785fa7f2b4b1e\summary.json,2af663d146e2efc1b001130278f8c16aca9f52cce4d22edd6d4e252272284c84,47125,24187,24.187,0.5257778016516997,107.41571918799355,0.42826434396576674,0.5132519893899204
500,25.0,E05,E2.sche_nash.low.homogeneous.n500.scale25.E05.b58212d19218a6aa,0c2876d27afed67e5d191bc08fbccd1fa1f2994f9a0bd6c115fa820194db6515,C:\Users\99349\Desktop\serverless_sim_game\tmp\formal_e2_reviewer_v3_20260817\formal-runs-composite\canonical\E2.sche_nash.low.homogeneous.n500.scale25.E05.b58212d19218a6aa\reviewer_records\E2.sche_nash.low.homogeneous.n500.scale25.E05.b58212d19218a6aa\summary.json,a326ca398eee0d2f8c5d1a4ad99e23bc2268ca6bb2b5970af5b84ad13b082e4a,48475,25945,25.945,0.49372024650030055,153.1189439198304,0.3431972607318366,0.5352243424445591
500,25.0,E06,E2.sche_nash.low.homogeneous.n500.scale25.E06.6304f5a053d3d3dc,0c2876d27afed67e5d191bc08fbccd1fa1f2994f9a0bd6c115fa820194db6515,C:\Users\99349\Desktop\serverless_sim_game\tmp\formal_e2_reviewer_v3_20260817\formal-runs-composite\canonical\E2.sche_nash.low.homogeneous.n500.scale25.E06.6304f5a053d3d3dc\reviewer_records\E2.sche_nash.low.homogeneous.n500.scale25.E06.6304f5a053d3d3dc\summary.json,49a58ec7dce1eaa9ed0cb8ee2486f5aa483c3abb9372c73f6d7dc3aa357094fc,47950,13842,13.842,0.0962318266379917,137.74078890333766,1.0442814159351972,0.2886757038581856
500,25.0,E07,E2.sche_nash.low.homogeneous.n500.scale25.E07.5d56f563bda129c4,0c2876d27afed67e5d191bc08fbccd1fa1f2994f9a0bd6c115fa820194db6515,C:\Users\99349\Desktop\serverless_sim_game\tmp\formal_e2_reviewer_v3_20260817\formal-runs-composite\canonical\E2.sche_nash.low.homogeneous.n500.scale25.E07.5d56f563bda129c4\reviewer_records\E2.sche_nash.low.homogeneous.n500.scale25.E07.5d56f563bda129c4\summary.json,32971b3b80ad2642865f87a7beaf013cc08c566001da2a1f812515d812e88b7f,47875,33463,33.463,1.0548066126892521,84.21429638705436,0.3767091813626244,0.6989660574412533
500,25.0,E08,E2.sche_nash.low.homogeneous.n500.scale25.E08.99509299916aa1e4,0c2876d27afed67e5d191bc08fbccd1fa1f2994f9a0bd6c115fa820194db6515,C:\Users\99349\Desktop\serverless_sim_game\tmp\formal_e2_reviewer_v3_20260817\formal-runs-composite\canonical\E2.sche_nash.low.homogeneous.n500.scale25.E08.99509299916aa1e4\reviewer_records\E2.sche_nash.low.homogeneous.n500.scale25.E08.99509299916aa1e4\summary.json,568a36c3fd08f2e3622264c5ed14f539f79fee782df6567716f9d87e20c5fb28,48800,15927,15.927,0.12058964765471218,197.52175550951216,0.6686656552159854,0.32637295081967216
500,25.0,E09,E2.sche_nash.low.homogeneous.n500.scale25.E09.9391cca0c633f4ca,0c2876d27afed67e5d191bc08fbccd1fa1f2994f9a0bd6c115fa820194db6515,C:\Users\99349\Desktop\serverless_sim_game\tmp\formal_e2_reviewer_v3_20260817\formal-runs-composite\canonical\E2.sche_nash.low.homogeneous.n500.scale25.E09.9391cca0c633f4ca\reviewer_records\E2.sche_nash.low.homogeneous.n500.scale25.E09.9391cca0c633f4ca\summary.json,ded458051bfd0ea442b2685533ed5938025667c9d023580c216e85cf3b74f6b7,48275,18010,18.01,0.48084504527720323,256.90888395335924,0.14579057370471266,0.37307094769549454
500,25.0,E10,E2.sche_nash.low.homogeneous.n500.scale25.E10.4ee6ffb16e97b9d7,0c2876d27afed67e5d191bc08fbccd1fa1f2994f9a0bd6c115fa820194db6515,C:\Users\99349\Desktop\serverless_sim_game\tmp\formal_e2_reviewer_v3_20260817\formal-runs-composite\canonical\E2.sche_nash.low.homogeneous.n500.scale25.E10.4ee6ffb16e97b9d7\reviewer_records\E2.sche_nash.low.homogeneous.n500.scale25.E10.4ee6ffb16e97b9d7\summary.json,3de076ddc379d29d0af2941694501f27189625e6c3ccb111658bb43aa5c38811,47725,15934,15.934,0.10183921688729422,255.0227814735785,0.6135229084622505,0.3338711367207962
500,25.0,E11,E2.sche_nash.low.homogeneous.n500.scale25.E11.21378e8bd9470269,fbf100bd759e7fff73685505a539c9d075f2ebb501713fc8c67b49118afaeb48,C:\Users\99349\Desktop\serverless_sim_game\tmp\formal_e2_extension_reviewer_v3_20260819\formal-runs\canonical\E2.sche_nash.low.homogeneous.n500.scale25.E11.21378e8bd9470269\reviewer_records\E2.sche_nash.low.homogeneous.n500.scale25.E11.21378e8bd9470269\summary.json,78285fdda9e404dac27d54c5922897947183ba1f40bf59716d6f2b1960703c33,48400,14468,14.468,0.05768774094420462,182.76914570085705,1.3722147584324025,0.2989256198347107
500,25.0,E12,E2.sche_nash.low.homogeneous.n500.scale25.E12.9b82c2e26e102efd,fbf100bd759e7fff73685505a539c9d075f2ebb501713fc8c67b49118afaeb48,C:\Users\99349\Desktop\serverless_sim_game\tmp\formal_e2_extension_reviewer_v3_20260819\formal-runs\canonical\E2.sche_nash.low.homogeneous.n500.scale25.E12.9b82c2e26e102efd\reviewer_records\E2.sche_nash.low.homogeneous.n500.scale25.E12.9b82c2e26e102efd\summary.json,f6d1d086b0c4d8ce9348769e49908680438d3c1ee07207c135b61504cbadced9,48275,5653,5.653,0.013681458639303576,361.29099593136385,1.1436402857166548,0.11709994821336095
500,25.0,E13,E2.sche_nash.low.homogeneous.n500.scale25.E13.09b6185509aa3c83,fbf100bd759e7fff73685505a539c9d075f2ebb501713fc8c67b49118afaeb48,C:\Users\99349\Desktop\serverless_sim_game\tmp\formal_e2_extension_reviewer_v3_20260819\formal-runs\canonical\E2.sche_nash.low.homogeneous.n500.scale25.E13.09b6185509aa3c83\reviewer_records\E2.sche_nash.low.homogeneous.n500.scale25.E13.09b6185509aa3c83\summary.json,870673129bd552e9a48a5b8bf7667dcf2506a399f59a610c5f467b8a4e86e670,46650,18459,18.459,0.17460025893302653,238.9879191722195,0.44237170257394764,0.3956913183279743
500,25.0,E14,E2.sche_nash.low.homogeneous.n500.scale25.E14.b4f254f5bc816cb6,fbf100bd759e7fff73685505a539c9d075f2ebb501713fc8c67b49118afaeb48,C:\Users\99349\Desktop\serverless_sim_game\tmp\formal_e2_extension_reviewer_v3_20260819\formal-runs\canonical\E2.sche_nash.low.homogeneous.n500.scale25.E14.b4f254f5bc816cb6\reviewer_records\E2.sche_nash.low.homogeneous.n500.scale25.E14.b4f254f5bc816cb6\summary.json,8aabf334615cccc2130d0de2eb8386b598eabdd6b0d16f0e63d767adac55a6e8,47825,41512,41.512,0.9028353685983024,129.48439005588745,0.3550975517997808,0.8679979090433874
500,25.0,E15,E2.sche_nash.low.homogeneous.n500.scale25.E15.3ae415567c1ad18c,fbf100bd759e7fff73685505a539c9d075f2ebb501713fc8c67b49118afaeb48,C:\Users\99349\Desktop\serverless_sim_game\tmp\formal_e2_extension_reviewer_v3_20260819\formal-runs\canonical\E2.sche_nash.low.homogeneous.n500.scale25.E15.3ae415567c1ad18c\reviewer_records\E2.sche_nash.low.homogeneous.n500.scale25.E15.3ae415567c1ad18c\summary.json,93089a034c295ae54ec30d7f269c0e96882c16318b35ec3460922909115141ce,49025,14352,14.352,0.05663747520777652,245.45282887402453,1.032382178333159,0.29274859765425804
500,25.0,E16,E2.sche_nash.low.homogeneous.n500.scale25.E16.6f8246aaf63a0499,fbf100bd759e7fff73685505a539c9d075f2ebb501713fc8c67b49118afaeb48,C:\Users\99349\Desktop\serverless_sim_game\tmp\formal_e2_extension_reviewer_v3_20260819\formal-runs\canonical\E2.sche_nash.low.homogeneous.n500.scale25.E16.6f8246aaf63a0499\reviewer_records\E2.sche_nash.low.homogeneous.n500.scale25.E16.6f8246aaf63a0499\summary.json,edb6baf048a44e69fe6fedef221d3ac972bd949c69eaac50b3c0a1ab31751c43,47200,23228,23.228,0.3444747510798231,226.20440847253315,0.29809408448989366,0.4921186440677966
500,25.0,E17,E2.sche_nash.low.homogeneous.n500.scale25.E17.9dbb936bc9e6db6c,fbf100bd759e7fff73685505a539c9d075f2ebb501713fc8c67b49118afaeb48,C:\Users\99349\Desktop\serverless_sim_game\tmp\formal_e2_extension_reviewer_v3_20260819\formal-runs\canonical\E2.sche_nash.low.homogeneous.n500.scale25.E17.9dbb936bc9e6db6c\reviewer_records\E2.sche_nash.low.homogeneous.n500.scale25.E17.9dbb936bc9e6db6c\summary.json,12fc9f16ce27124af0d6224800fff4e1853297cb60a3eacdff5667a590cc6e51,48825,12698,12.698,0.08881634991989107,209.4581823909277,0.6825666597348008,0.2600716845878136
500,25.0,E18,E2.sche_nash.low.homogeneous.n500.scale25.E18.1e17dd5a18ae0cc2,fbf100bd759e7fff73685505a539c9d075f2ebb501713fc8c67b49118afaeb48,C:\Users\99349\Desktop\serverless_sim_game\tmp\formal_e2_extension_reviewer_v3_20260819\formal-runs\canonical\E2.sche_nash.low.homogeneous.n500.scale25.E18.1e17dd5a18ae0cc2\reviewer_records\E2.sche_nash.low.homogeneous.n500.scale25.E18.1e17dd5a18ae0cc2\summary.json,fad354ad351e463f5979000bcc68c4f586fccb8ad6aea16980eeb02807745fc7,48100,11975,11.975,0.03971682532611561,247.90688935281838,1.2162207235125262,0.24896049896049896
500,25.0,E19,E2.sche_nash.low.homogeneous.n500.scale25.E19.5b8f7d420d0621a4,fbf100bd759e7fff73685505a539c9d075f2ebb501713fc8c67b49118afaeb48,C:\Users\99349\Desktop\serverless_sim_game\tmp\formal_e2_extension_reviewer_v3_20260819\formal-runs\canonical\E2.sche_nash.low.homogeneous.n500.scale25.E19.5b8f7d420d0621a4\reviewer_records\E2.sche_nash.low.homogeneous.n500.scale25.E19.5b8f7d420d0621a4\summary.json,5ff01cc0e92a3f2a50d9a9871051a17933f09eac3014f8505553476c0cd1518f,47575,35957,35.957,0.7101404006817075,107.82921267069,0.46957265144825766,0.7557961114030478
500,25.0,E20,E2.sche_nash.low.homogeneous.n500.scale25.E20.727275c2688ab235,fbf100bd759e7fff73685505a539c9d075f2ebb501713fc8c67b49118afaeb48,C:\Users\99349\Desktop\serverless_sim_game\tmp\formal_e2_extension_reviewer_v3_20260819\formal-runs\canonical\E2.sche_nash.low.homogeneous.n500.scale25.E20.727275c2688ab235\reviewer_records\E2.sche_nash.low.homogeneous.n500.scale25.E20.727275c2688ab235\summary.json,995bb84e699bc365328fefe7009fc9fbc16ce6a151f70497ed65206cc9bd804a,48175,10469,10.469,0.042797482009885195,291.1918043748209,0.8400552188305951,0.21731188375713545
