reference_key,load,topology,seed,state_rows,positive_rows,nonpositive_rows,build_completed_requests,reference_compute_us_total,build_wall_seconds,build_process_tree_cpu_seconds,build_peak_process_tree_rss_bytes,table_bytes,table_sha256,receipt_sha256,process_observation_sha256
nse-reference.E1.sche_nash.high.heterogeneous.n20.Q61.add2f7592e23fd03,high,heterogeneous,Q61,989,989,0,209,238460,18.29699999978766,17.515625,240902144,259833,4b41204dca0aded16c0342cc5a609bc2966542bde25ccb649897cdff842a89e6,99a2f21ef054bf9fcda90094ae29287805e42ff10434f9cfb3b111ea62b5e76b,f4bbc1a4e333176e35affabbda9a08b04f5a5a81b42fba9a252369d6cbc97454
nse-reference.E1.sche_nash.high.heterogeneous.n20.Q62.4ea6b21eb4175dbf,high,heterogeneous,Q62,996,995,1,87,348995,20.281000000191852,19.203125,242757632,262142,308a2c53bd394d315f5e00820e01b8dfd34d0f38b7342b08488edd597d3b7ab0,120b60614ce85b3b2a068a9ae8d1daba736b5257d1afad26f654fa4732629336,933f768007ebb7aa8acfcc59e0feec5fd40a5b7ea0d7528f13df5ba039335101
nse-reference.E1.sche_nash.high.heterogeneous.n20.Q63.430b8f9870ea95b0,high,heterogeneous,Q63,987,987,0,13,64222,16.108999999938533,15.1875,231968768,258008,0be41cb1ee36604d84a1a149522c523bd8ff8154de0865df3cd03b053bd9e871,a4a4a3bf26f02d4997d37965d3a4b3f795f97fb4637d02c6296cf32f7e43f749,681693e793e98818be97b6e5ab196dc1593753eefce980fcbd7300a810b70ac4
nse-reference.E1.sche_nash.high.heterogeneous.n20.Q64.15e691af9f594295,high,heterogeneous,Q64,992,992,0,707,111701,16.375,15.40625,232546304,259888,cf85f960e3c523dba87d00567f8f3b2716f0c6ad39c864c8b8b698f95bf7db4b,115f18e3683e569261c156d02857c7e51b514b02176045b6d48eb44a69717334,0a9955d0e7673268ca35076610a33a1d653880be4ce1176a3db672b1c0eae197
nse-reference.E1.sche_nash.high.heterogeneous.n20.Q65.00b192e93745f9a9,high,heterogeneous,Q65,995,995,0,1416,210566,16.733999999938533,15.859375,233672704,261290,2e65e866f0788ad017733d1e3cd09ef08f3749d1ccba51e97d8472831c193706,8b11e6bc58a0571c08edd2395ef1f580061af6d35f466079510e92f2c00bbd7c,fac4bd47874053ccf8884cafa2ecb109f7d82ad5430b60432c52c9233f3ce918
nse-reference.E1.sche_nash.high.heterogeneous.n20.Q66.3713b860fd2e5e58,high,heterogeneous,Q66,995,995,0,108,146021,18.875,17.921875,239869952,261048,83622b51ac7fb7ebc5a1dd260c5ce4d17482cc469d48e32a5f8bd23347edbdfa,fbcda36c8280c735af0c26a383ea4106ead7e02a366c811fe879378a6aa3c337,8bed35028aa4dc2dfad8a1a43a16cdb9cc33af30b022b3011592345f20e2ef3d
nse-reference.E1.sche_nash.high.heterogeneous.n20.Q67.ee92eac8fd4bd866,high,heterogeneous,Q67,991,991,0,980,148445,16.640000000130385,15.640625,234741760,259987,e3fac8b2295559c0863741be1ca5a24e046df555ac2c0260e9847348825c317e,1a56d7222ddb48795f44125c1cb3b3855127a397d57e9fc0ea3c1302f8a93ce9,db645090e32966c0bf229461fd0d01b61da13f6308a2cdde7b8a00e50528bff6
nse-reference.E1.sche_nash.high.heterogeneous.n20.Q68.76c1f739ede1b627,high,heterogeneous,Q68,997,995,2,63,446712,23.17199999978766,22.3125,245760000,262628,fff55b2195b542a14508aeb97204fdaa40334b90cc56e0947ef38a648fce69fb,5953fe2ed1766bd363a4376ee9b5849adcfa792dfaa672850f9f9de9a3df187f,3a672c10add34a8284b19785c82208fe57b282b7bc8933ce57946f6623abda72
nse-reference.E1.sche_nash.high.heterogeneous.n20.Q69.007dcc4499c03bf2,high,heterogeneous,Q69,994,994,0,787,290900,19.42200000002049,18.21875,234635264,261404,0a2af99e71b52f45acab499344bf9883c57a292e6916459ea0d4192f9c266344,babac114609c678fc40929d75cdb3a24eadf73b4d9d08de47c725e0ae68e13e5,503f1ad0e48d9db465d977a0822598796d322dcb74c34ac7708dcb2c0a036203
nse-reference.E1.sche_nash.high.heterogeneous.n20.Q70.2c36fdaf4b64ea81,high,heterogeneous,Q70,985,985,0,412,51357,15.422000000020489,14.09375,241053696,257475,9e66c0d80b2193e60c99cd4559eab33fb8bc08df8dae6625d9583e20b8589aa7,4e3b9048c2d236e69cb8c16503b287f1accc424f2405f1f2995c7daf7ec9a4ea,07c5aad87e437ed8cf46cf571722cdffb82aaf951b8fbfc7fde968fa3f6cd8df
nse-reference.E1.sche_nash.high.heterogeneous.n20.Q71.c7d7774c26ac54f1,high,heterogeneous,Q71,982,981,1,4,428424,20.515000000130385,19.75,237506560,258385,1f0980b2db53018859d67e34d6b046565d79f6fdc79224704e1cc2e17bec97d0,a8f367ef939010d17c8784031a5c5009771cd21f616b5a98a7d35f49cfd925ca,b3ff33513e39dd7adea24b6f47309b31cc1f2863fefd779d176bb44d9bb6b981
nse-reference.E1.sche_nash.high.heterogeneous.n20.Q72.39a6552009714448,high,heterogeneous,Q72,990,990,0,39,207382,19.25,18.328125,235958272,260000,5dd81eb20b2840a6730787fe2b95dd5d71f597243ae43dab297dbafd76279313,a036a6145675279486346bb65b92b3754e13358b09391d2e24ac121f23a1c5f5,f19f91143774e0104c09a8c6a3ca1470c96bf10fa9eaddff8a2f6f652547ef7e
nse-reference.E1.sche_nash.high.heterogeneous.n20.Q73.ce0c15a71874b7c9,high,heterogeneous,Q73,997,997,0,202,116299,17.17200000002049,16.328125,240574464,261385,df7fc682937e4bc4edfdd14e157813890522b9766dac4666001d9c834bfc39cd,96099dd28c643d397dcdd84eda1e04982393f3fc110406b21e0eea97da9cc5ec,b964d3ef0686afebaf1efefafbda7eb466221c6da56c91d27bc91e3c0d73bc65
nse-reference.E1.sche_nash.high.heterogeneous.n20.Q74.786f32a2f84c45fc,high,heterogeneous,Q74,987,987,0,25,360709,34.40600000019185,33.890625,269008896,259681,a39e9d18cc4046a3c79618332c5f1091f23638422dcad14ce076f37dccb168e6,72e7084ad564a14dce34b313ff6d311a85b3abdf561b4a4b1ef47840e9749740,952f58bbefeb8ba909d8d3595fd5ae8c64a65d224a7552d2efa8d93e874893d8
nse-reference.E1.sche_nash.high.heterogeneous.n20.Q75.e5f3010716c9fe29,high,heterogeneous,Q75,988,987,1,7,720114,26.531999999890104,25.90625,251109376,260421,6fe8c9ee30cf3f1139bc7cd2cd5a6c70756bfee0d003479b5117ae9ae883d5c2,1434c320d4b42392718eedb4e923269bf96e43bede5f063a39b83bb9fc1fae3d,96970e2a4461c96d5d843b5000242398efcbb4113767560281c19f879a22e1f0
nse-reference.E1.sche_nash.high.heterogeneous.n20.Q76.9cf02383dc853311,high,heterogeneous,Q76,993,993,0,702,144305,16.718999999808148,15.890625,244158464,260490,37fac4ea67af10d3c55a53e3317e96d92dd652a8ad3850a06fd1106ae1dc88f6,1220d9a7e722ce92a6fe90ac67c6eba5cd7a411191ac25da1caaee5b70828747,9c6a760a964df5fbf984fbdbe9fddbda9c9b8e3e2dd9f0da6d4c859e9901a78d
nse-reference.E1.sche_nash.high.heterogeneous.n20.Q77.a6f9acd804040dd9,high,heterogeneous,Q77,989,989,0,90,340793,21.015999999828637,20.03125,244256768,260107,2d7018b29e6a344bfc15d8675bd43a264496d8afcca6d299bd82325494b2a512,88fac15d502bfa9ace0df028b6ab38fe71214f77542c4e89b4a2d3144945653d,b0996097b486f2a4a1c01cbc6cb846db19d6914b172df9407d86cceed0db70dc
nse-reference.E1.sche_nash.high.heterogeneous.n20.Q78.5ab7e2592c3c9966,high,heterogeneous,Q78,988,988,0,569,278464,18.515999999828637,17.515625,234778624,259768,134783210a503682602a7bd730da74d71f2cb9994f772290ad571863f5b23cd5,18e6c2c393fb8471afa01016b2bed01abb7065b3c64d1e35df95fe7dcc6f420e,a31d3903041b5e2deed05b51e09d134f38cbf1695a8e074b2f4e454a4d0ea531
nse-reference.E1.sche_nash.high.heterogeneous.n20.Q79.95aa814d731ceb26,high,heterogeneous,Q79,990,990,0,799,182937,16.594000000040978,15.546875,232509440,259873,f7fb0603ddfbc7f56b2a42af8eee4858d10ddc405f9704eeef018f0679ddcc08,0562f0ade27359c6509aad7ba19b5e29f916ac9d0a9b905eb18bca0539cffadf,b0dac330aee75e2212872f58340a5620f7e28756c7f53115559111dfd97d1b76
nse-reference.E1.sche_nash.high.heterogeneous.n20.Q80.465bb4e737c9bc26,high,heterogeneous,Q80,994,994,0,508,292569,20.219000000040978,19.4375,235720704,261447,edb0bb8b9eb2886c406a146a623c0d47b73fd6962cb7efe05ffd8c4c6b7b1213,c9e5777da5d4b969617c2a13d42318a83eaeaf06a71fca7388934e9d2347dc19,94d79318e48b61369ca996068dabca8d02fa1f175d048d0156c187c93aaf7a01
nse-reference.E1.sche_nash.high.homogeneous.n20.Q61.c02d38d39ff7ea42,high,homogeneous,Q61,993,993,0,185,235927,18.781000000191852,17.796875,234352640,260827,7312d9c1c14b9e36147da5e110ccbdbbb38e0dbfecbd82950f18c01e1a74711d,e6058ed175532ba922d875191191daad23ded7661a3a69d5f045b4370d58e04d,d8cd9c92e9429e147719bb74481598ecf18c8a737a7a06e60a74eb56de6e2f31
nse-reference.E1.sche_nash.high.homogeneous.n20.Q62.114b3c25677e43b2,high,homogeneous,Q62,997,996,1,225,501118,21.20300000021234,20.328125,244277248,262594,ad7ef7008683a873b743a2bf1335e81b371dd25df07016391241650b6c9cdaf7,dd987aeb87d82f93fe6450d5e087caf64cc0e719a2e1639422403d50b7348ffa,f5bcea7d524658d573e7bf805c0262499279fc43cbd5c959664cc3634c8c2e8e
nse-reference.E1.sche_nash.high.homogeneous.n20.Q63.0ed0a9a3b4b287c7,high,homogeneous,Q63,987,987,0,323,64822,15.983999999938533,15.046875,232767488,258128,75444523f8e781e08a699d342808570fae6ba1ec13ffc12b339f5e5fe2e654d8,ab69d2ae3a89dc6435581db0efeedd67d47a7ff228eb1c01e219eee22397f013,dbb425b3397baedeecf4d3fe24d941dd58f462f0a640fe9d81a5f7f687b9e25a
nse-reference.E1.sche_nash.high.homogeneous.n20.Q64.35adff7cd9259443,high,homogeneous,Q64,990,990,0,757,100737,15.921000000089407,15.0625,231956480,259354,20afbff3edd16bd014997dc135b7c9cd923bcee18549777cccf3d7c7a69e5f87,3c6979b30e278cd7b60782cccc1b07ec82a5527874cd6e422ce202c647f1db1d,2e66fb6c850a997a8a3dd059a273a76aa60ccdfcbf46b6478422b74982bc735d
nse-reference.E1.sche_nash.high.homogeneous.n20.Q65.c9d5d49c536f833e,high,homogeneous,Q65,992,992,0,2373,265024,17.031999999890104,15.671875,232226816,260534,a946633f6259ef46ed92b2b8036054026ea5c5f1fa908b5344daa245626fd661,ef82743c00b9c624083cc270ecdce35aa27743447fc7c2e088b31dff0ce54439,d987b29796aea7ef5b78714fb9d8ab6920a5988ad198ebb66849aa615fcfa8bd
nse-reference.E1.sche_nash.high.homogeneous.n20.Q66.a86eafa3f709008c,high,homogeneous,Q66,997,995,2,140,130822,18.358999999938533,17.609375,234020864,261743,fd5fd3248a17785194924924af31471b9ab7f8f1a195c026f4bd633ebdba4215,bac242647933ee2fed523eb396c750f97c9bcc069835ea7ebda9bff88f9657fd,83dc91721c63939b96e79f06b6ef8b232d0dd1e18daa1275fbd2b7398e7d4da5
nse-reference.E1.sche_nash.high.homogeneous.n20.Q67.8cc4432bea42ebe8,high,homogeneous,Q67,993,993,0,400,197056,16.54700000002049,15.765625,242872320,260757,2f77e9f0e372e6a1057321f7062c5ee835e674dc98fb40eb256fdf00487bc285,f219ceb7e458299b255a046058730907ded35f0ff4873e017dadd64e3f6c7f58,c512134c3f387b3988cb1ed0f89d4ae2c2a6569828b0886704e0c09fe3dc615a
nse-reference.E1.sche_nash.high.homogeneous.n20.Q68.b52b8dc89186decb,high,homogeneous,Q68,998,998,0,4,661475,23.405999999959022,22.71875,245698560,263002,756536251913a0ca7adbc596b40ce130101917c1c242683d3431a95a89ab9019,5d8d8e09c050241613927de6f1209495df8ea46cef43db8037e4a880bd001656,531a0941ef0798d9f3973d9780b0011b614d7f2ad1d4ed2b97e6947bf92a846b
nse-reference.E1.sche_nash.high.homogeneous.n20.Q69.fbd15736b7d4b7aa,high,homogeneous,Q69,992,992,0,858,431675,19.405999999959022,18.453125,236797952,261148,9868df80582c28f2ac38161c865fe7ebfcb67fab3698c379538696cd1c17b314,28404a3e761ddda12abb926a04518b30f116bfbd846cabe93d98c4bc2d721706,0d4362a03e1331d594f20a43a9c950b8fe273389c80f2036d83a65a93d4e7f09
nse-reference.E1.sche_nash.high.homogeneous.n20.Q70.da5e9bb9235debb1,high,homogeneous,Q70,988,988,0,1048,70230,14.891000000061467,13.828125,233091072,258656,8be501c34d0f18cdd28e4096ab22f659d43f158c3fb928489ca25dadf1ed371a,d2263e222bc86d2d1564fc61a1d0d5a0082510fc8b91ce6aa9a30a225a5c29ca,277c76e060c1ca74044c5652d93437dbf9fdf9e4b4752e474810c9fde3ee804f
nse-reference.E1.sche_nash.high.homogeneous.n20.Q71.46cfdd88708cf196,high,homogeneous,Q71,994,993,1,453,469919,19.469000000040978,18.671875,238338048,261692,13977da7ba8b82e5f905fff5b0b0debbda8dc9955abe2501fd5ad142a7052db2,850eed0f5dedd5869f1122ea8638526b5370c7984e91f18ac8a4e39fd2deb85f,d08d87ba130edd710107713003905fe83d41c51414d8ae3891f7fb3a2e268ecb
nse-reference.E1.sche_nash.high.homogeneous.n20.Q72.23cf7dddfff25c7f,high,homogeneous,Q72,991,991,0,295,276222,17.953999999910593,17.03125,242774016,260544,7d6db1234c8beb515fcd560d25c9beb158789a7e3adf10c53d2857a7d126a538,3cafd7de7191e4c4b42d50ef39440502cdd36885de25a97273475ff0354892c2,2f96696d3de571d0b366294a67573a1f91bf434b65a065ee3adbf7d41519649d
nse-reference.E1.sche_nash.high.homogeneous.n20.Q73.b43401d15d0754cd,high,homogeneous,Q73,998,998,0,738,158546,16.29700000002049,15.109375,232222720,262020,5cc884d95fcff9824504ff5857a0e27451cdde3ecc1a619e78898046e20025cd,33bcca92ef3b96b8072cdcc863397ae5b432f1ddee03d82ca32398beb91636ce,dac863d25ee96e7d0d6bbf76ad27cdaa39f3d4bcadf16e18b65db0af8dc99b4e
nse-reference.E1.sche_nash.high.homogeneous.n20.Q74.ea3a7ebe2b9d8110,high,homogeneous,Q74,994,994,0,116,271052,31.764999999897555,31.15625,265773056,261232,fb643a61c85f3d0eff0d56d24c782a414e6a165f2da343f87cec1d6ebd8a8ef7,199b92bcd4125dcbadc770bb708235b7608c6e58ac6801dfb1ac6b23daea0ea5,7e7fd491d3a14ab6bab03dd5acaa9e8338fa71832e5dad47dc618ef4911f31a2
nse-reference.E1.sche_nash.high.homogeneous.n20.Q75.3776714ee8fe38bc,high,homogeneous,Q75,998,997,1,32,642973,25.266000000061467,24.734375,249618432,262908,4285bf677231e5e4e57849c63e0d286ddcd8c919b149cc56987df58cf481141a,756451df8f065a39b29afeb2b20fa973bb584c9243333f0ce6cce5cce798941f,3ad217dc283dea0c0c6fc9c52ff59f0eb458de75b9f927cf47abf9c3732c7615
nse-reference.E1.sche_nash.high.homogeneous.n20.Q76.a053daf6cd3b582d,high,homogeneous,Q76,993,993,0,766,204052,16.20300000021234,15.15625,240115712,260663,f8fac3758d6de042e08055ddd03839cdaedd85c34b3b2f3af874b063c6d80908,fed1710d9f03dcbec828e96a0e745f6a19fc5831d4c4540e1b4257cf9cd2f41b,1c2f86b317ebc6547b73bc393c3812961bb7c5ee2c08bb768c054dc85aeafcaf
nse-reference.E1.sche_nash.high.homogeneous.n20.Q77.f70bc5bb930229c9,high,homogeneous,Q77,989,989,0,105,381891,19.764999999897555,18.875,233304064,260264,dad40bb17d7e515d5cc841665711cea9c8692f1495653365a566f486411b7344,05fabd9ec897e4f935cbc38c6242969fd45c09f9758f4cd892e44c877d04fd6e,e80c213286087773b2678bb2e1216d55cde2c4d653ad772655f8b507b9211f41
nse-reference.E1.sche_nash.high.homogeneous.n20.Q78.00a149364962df1f,high,homogeneous,Q78,990,990,0,480,311612,18.484999999869615,17.578125,232943616,260317,1f4f7f516435de2260b575f0fa7d04ca27e87d2887f56a57160fe1d8ac836a6f,9f1725e61523ac1e213a0fe820eb3e5d3df9ee59470475cd60f132092b210354,363c749fba7b5fddeedef24f5527adfd0885c2b6631c2973aff23191d4870582
nse-reference.E1.sche_nash.high.homogeneous.n20.Q79.36419bbc91e26e66,high,homogeneous,Q79,991,991,0,1042,161122,15.438000000081956,14.125,244580352,260164,23214ef55d736da09f6119fe0941960910fc0bbf6df1a8092d58732485cafdf0,5b07b627544438ac96754908e3be72254568932c80ac60496a9a716e7b2b1573,a2c8f27001b3bedd558232e73a4655474d7d241d2d905ac98fdbb1de5bc43cb7
nse-reference.E1.sche_nash.high.homogeneous.n20.Q80.63ace61b1115fca8,high,homogeneous,Q80,995,995,0,776,252029,16.70299999997951,15.5625,240103424,261661,e418f0a97c648a84c1b209c97bf9a5621704eae9f606eb5eb8f4b6ea1385eda0,261bbe4940d7f6e2d1223259992b162710ed8ecc08cef1d066ff885f907dfb40,b29c01b9ec16be3ec082ba8335e2b57ffdc304035e9fa50c0c4d006b6fbd72da
nse-reference.E1.sche_nash.low.heterogeneous.n20.Q61.8ed3c4e42e7b3290,low,heterogeneous,Q61,981,981,0,1655,38127,11.015999999828637,9.59375,240848896,256196,4af557555c40a4ea0b1b6048813380e56fc3ab1e0a97c2eea9db69beeedede2b,16244286f76453e1b6fe87f62b44cb3fc935deb064142ded199430825fb27e2b,a911108cc26d4cf68d0cc37e4573f7d62c429a92846fe10028df50110280919e
nse-reference.E1.sche_nash.low.heterogeneous.n20.Q62.36033f188e0e0c11,low,heterogeneous,Q62,960,960,0,1259,46436,11.186999999918044,9.765625,240279552,250921,1eea0778007a5f65a99e5a1dc84b0e9db7f87123c84b20acbd54936cd53a1203,83e5b84697a821db8292ccecdea820ce1589223d47486fca923eb786db6ac589,18a704d82b7829173e6ca98dd2bb9ea0a6dbb670f3c1ab1d156c6b35851cb1f5
nse-reference.E1.sche_nash.low.heterogeneous.n20.Q63.3fd67e57c38826d7,low,heterogeneous,Q63,978,978,0,1161,39236,11.234000000171363,9.765625,240349184,255379,4d8cf146caa94f2f3960758c96138330567c27da960269706f1de657cdd38d52,f1609910ea717ee743ce78b66aef7649cadd48e24f95882846b39b09ed3f19ba,231642f61ba4dba4182298bdc260cb7f2d371c23b8abacb5c6389724d238bd76
nse-reference.E1.sche_nash.low.heterogeneous.n20.Q64.e611c05a623df9c9,low,heterogeneous,Q64,959,959,0,1268,40742,12.5,11.046875,243249152,250504,d84f5e5df9923f65838ea7e5d5f2cd05bd087e2bb6544a7c1b2a24bdb992439a,98c8d32182647117feea82889da765f439b00009d6e06fbfb30129de1207ff36,549778087774de21499d2bd450a71c762bc860f5b91ca3056665dd051585b457
nse-reference.E1.sche_nash.low.heterogeneous.n20.Q65.7942e6878f184eb1,low,heterogeneous,Q65,982,982,0,1626,73348,12.061999999918044,10.625,242601984,256848,82fd7ff8617991590ad7a27d1983cd9bb9edca2a63a6db00ddc8ae15c58bc558,104397defed28666bfcc64e34443fe902c722cbb1d5c6088039356f788e0f02d,ad1945fd5fb3304b7532eb9fe7a483928b594adb34961f45c0df2ab2a992289b
nse-reference.E1.sche_nash.low.heterogeneous.n20.Q66.72a2620edab7d835,low,heterogeneous,Q66,980,980,0,1306,59629,12.952999999979511,11.53125,235360256,256076,3522fa8c99e5a7858ab933924abd3e5474ca0e1d25b0d5e64b0e7574a3cc14b4,f991f7a7d2212b46ca73a56545a153618bb571ca6534b149e0c63b156d60ace3,678be631bfae13ae79194ff89e71b147a817d884825fdb0659768360c1aa6159
nse-reference.E1.sche_nash.low.heterogeneous.n20.Q67.dd9fa2c9baf7e5b8,low,heterogeneous,Q67,984,984,0,1873,63863,12.530999999959022,11.21875,232300544,257171,3ccc413d9c64ee31451b8412b79453d5b654efdefccdf7c36dc13f96d8562b0d,82de8244d9f17401ea65955a4effa8d1bc32c99ca293af6326de5eff2fa13269,03ffbca58a785c403aab296ac604c1ac66f6a7cc56671761b5f76c4b5ffd8b2e
nse-reference.E1.sche_nash.low.heterogeneous.n20.Q68.fd3ea0ec5a79db14,low,heterogeneous,Q68,978,978,0,1040,51825,12.983999999938533,11.546875,234639360,255456,8bdc2dc64e7e522e60ded01c6d86e704747fcf21a424af274bb3b307bdba58b6,d5a44bc153989bd7445342a38cde20b555dd211b0dd3f862cf6087b26fb4f0af,61cfb588a5e5cd4267c36fd12bbedd421a21c0ae6244a053a2735b03c89dc151
nse-reference.E1.sche_nash.low.heterogeneous.n20.Q69.d6354069cbbe7d0e,low,heterogeneous,Q69,978,978,0,981,55441,13.422000000020489,12.203125,239501312,255568,c2ab5dc31beed4d1412d7a586b9812dd332cbcf9f8aa8941bf332dde4d18909b,cb31f9fee6a5632ddff10ed5236a227ca1aa7300f490abc8f6d463f9fd784b3c,be05ae3079d5150636d5cf6e00a332b39281fe122690cc23318ba76f3813549f
nse-reference.E1.sche_nash.low.heterogeneous.n20.Q70.b36f17163bc7af4b,low,heterogeneous,Q70,968,968,0,872,62279,12.422000000020489,11.03125,232824832,253225,e68769f6118e19c95a70dd4a42bd481806ff448c9c77d80fb0b9dfb54f46fadd,69d38ad47a6e9f799ed6656818987e58e709db48ccbb782436ea3dbc0f631939,b5b164e7ad2d1b67919e2ec594fb9252678d3e65ab2a9d5047f449f752fd51a4
nse-reference.E1.sche_nash.low.heterogeneous.n20.Q71.9dc28dd2eed912cb,low,heterogeneous,Q71,969,969,0,787,56861,11.719000000040978,10.390625,240525312,253459,c4c0f05b0e2f13503e5ef5ae2d46d33dab2786f232f34f9c18849d4de346a384,22f40e75fca92cad9bc52f926ee8f2e9b2f2e0503ff5f2657f16a294a9526612,bbd702df93079725e088dc3e2c45af00cca4dd8d5ac4ec75e306166654648c5a
nse-reference.E1.sche_nash.low.heterogeneous.n20.Q72.510b8421a465e563,low,heterogeneous,Q72,967,967,0,1674,40284,11.125,9.71875,239190016,252642,ce74891cc8fd3a3f50c74bc7bed0e5c5e5b7d1d843e5a3e598c56176a50ded7a,56b3396d45f8e1034cba208df5460db9982678ddf231257be11dc67942ad1a16,430741f5f589e7dde6acb05697060741622a9ee0662927dcac69258e20412daa
nse-reference.E1.sche_nash.low.heterogeneous.n20.Q73.fbac3b94da34ddf3,low,heterogeneous,Q73,963,963,0,1421,39021,11.312000000150874,9.859375,242364416,251571,3414eac8090bd8eeb184c990ec1a9408851079013d74934e356cd82d67e83c22,4a1990ea4c3d2fbde37ec70431ee2ebed3e987f64fcc74d37b990d024e9aba59,1b529a7e0ce657e31178e776d2a9f2c32462282ea51b3f646656f9d4f1060315
nse-reference.E1.sche_nash.low.heterogeneous.n20.Q74.2caee60b089f80d0,low,heterogeneous,Q74,976,976,0,1437,47478,11.093999999808148,9.78125,238538752,254943,0eb412126c376ec62dbd8882e92745afbfb8b906b56c0c0a65a5685a05597bf8,577fa03d2f8670bf92969b83369ac02b4a774a5e1ffebcf10b1db778dd7096b8,04bce385712a1b0c67a5c7a94b044866f7bd174d57cc8dacfb17cc8e53f5bb0a
nse-reference.E1.sche_nash.low.heterogeneous.n20.Q75.544e9f4b146c94e8,low,heterogeneous,Q75,977,977,0,182,76848,12.969000000040978,11.390625,239136768,255722,e39b62320e5809eb1f887038abb60fd5025d3d9be076d45a95eede4e643b4ea2,99f4f8babb088a6082beb19b4bb0a10da460fe906edc88f0a7ed24921fabcce9,be614baea5dedef5e8c0b09a4ec424dfe628103da0e247a89c6049085b3e998e
nse-reference.E1.sche_nash.low.heterogeneous.n20.Q76.c444e30a7cd8676f,low,heterogeneous,Q76,957,957,0,1813,25743,11.25,9.890625,240787456,249959,f91e333e6e1515f4316ae801536fc3839b45860c9640e691edbf6fcfd62665be,0eb41dd48a02ff8ee24c218bfbed61a5a11b76b4bd73d3ab50d587cf95c35e6c,c7e6c41a8d5747950abdf183764a7c2d960d01c643c793dc783083e564c2f333
nse-reference.E1.sche_nash.low.heterogeneous.n20.Q77.06c8d7034cab4a9f,low,heterogeneous,Q77,975,975,0,1384,39914,11.264999999897555,9.8125,237772800,254593,6a762464b09f5698c90cc8270e2653f0c3e60f2c0113ac73bb2a806e2337d078,8b25a992f8ce55eb34048bf0a0f42fc06239ee43d966570c7cb6bcbc342822bd,fa311e56c0d3687418eab96a8483fc6b70cc911426fc8b3be76fb7b32c14c2af
nse-reference.E1.sche_nash.low.heterogeneous.n20.Q78.64310e17d0c95857,low,heterogeneous,Q78,956,956,0,1261,44454,11.719000000040978,10.1875,240267264,249663,b6e20d09e81aadfc8668de5df877ad68bdc3a67a4849667915718ac5d2805b4c,29e74858de38043703563a67442b2601f58c130c4b50b51db83b44607b0a6154,7c443d31af75a661fb29b1c94ebf92656e46f9e0a40b41a74bb108b987f0e1eb
nse-reference.E1.sche_nash.low.heterogeneous.n20.Q79.aff7ae4c46940567,low,heterogeneous,Q79,975,975,0,1057,85175,11.922000000020489,10.53125,237502464,255187,0e4f3ef308207356d0d56ef1de7cc4458518176f57b28571851fc937ba52893b,167820d4186eb0a89bd21142f319aaccb560961fde2132d47d27c2f0e0d5b005,c9cadc7290a0174ef6c24461439f5ef9f2e345b71ff3ed0be87773c74cadaf19
nse-reference.E1.sche_nash.low.heterogeneous.n20.Q80.8d00578ca4d2ec80,low,heterogeneous,Q80,976,976,0,1748,44389,11.702999999979511,10.296875,232112128,254828,9c66c79574d0653344b0adf99fe621e87ef33cf20a691b0fbde6ffefd104f7bf,7e14c16f9072cd5d98ece93f6755f75646db5c3213f607b940464861b66a9411,b73b93b966a45a709cef6e96e35f9e437ac63e09d52b7c26b4dfda94e42c0d1a
nse-reference.E1.sche_nash.low.homogeneous.n20.Q61.399e5f31661e5dc1,low,homogeneous,Q61,973,973,0,1869,56034,10.780999999959022,9.5,238608384,254230,a2aa647560f43e1c685628bfcc7d5749e47855e792e5c6729b1cce2ff4fc59e6,655e799e96047edf3dac54fc12fd6fed95c93de63bfc760cd9587008416a66fe,4a82a1a3a598dab0c837666a8e52c3db75307ee7b5adfeef104010d3eefecea5
nse-reference.E1.sche_nash.low.homogeneous.n20.Q62.86ed50f99a607b6a,low,homogeneous,Q62,968,968,0,1668,78441,11.108999999938533,9.671875,240717824,253390,9541ce7a2134896e838a800cc1ef6130dc34951513980c9711c0fee558b651e5,d87855878291828a50d65bc0e1e0cfea5922b038c6691c21df250fec3b418e65,56aac2f5510b8dfb1616644f23226ea3278452b64baa3484eb60e75caede9acf
nse-reference.E1.sche_nash.low.homogeneous.n20.Q63.53eb89603992e09e,low,homogeneous,Q63,981,981,0,1736,64040,11.186999999918044,9.859375,240222208,256446,902d6f9611eb717852168bf77c3a5f5150a3894ae3f44897b0db16bbc8f884ef,f3e147b7b1909f2306af0eaef0521e0f05b1102452ff9d307c9f38cff4c59ab8,da27b3371b2c2204248118c7c5f5f67a53b940306c6c718af4026c4834d5041e
nse-reference.E1.sche_nash.low.homogeneous.n20.Q64.98ba734f1d89720e,low,homogeneous,Q64,956,956,0,1410,47496,11.343999999808148,9.90625,233275392,249694,38e3578526d428154f8ec6d61199b2363b09c4c89f95dd94e18ec45a139b34c3,5d950feb4ac9db75b55502b3febd613af989c5f0b52b3d69dab15a396affc7d1,f429291444d09e9cf8d5c183604246f8aac7a661171241c86bbf0c53cf6a60a2
nse-reference.E1.sche_nash.low.homogeneous.n20.Q65.c3517270587f7f63,low,homogeneous,Q65,988,988,0,1839,95949,11.25,9.875,238104576,258796,a5c2b77c75046d80b55e2d319c371af1d8703c7298c6cd8860539cae863022c1,c8e77022da26db9ebe4d3ea66820a67fbb8b78c75d752c72e4650cd1e8993183,d2ebe168b6a5fe78895113d8d449608bee145c4a2bf78bb3e3793cafc4892bc8
nse-reference.E1.sche_nash.low.homogeneous.n20.Q66.db052e0f26a7f696,low,homogeneous,Q66,983,983,0,1743,103801,11.156999999890104,9.875,241852416,257520,4328b38f948b61bdae8ff321de96d5678fff7df9e04014a8a7256690f50faaac,21b565ce2e13ee9b4295c334988bcee9744a58be673b409a75ec5a2a3d6ba451,34965869117db346a032f7a4773fc02a395647026e5e6834941f08ad288ca4a6
nse-reference.E1.sche_nash.low.homogeneous.n20.Q67.3942c2129815f2cc,low,homogeneous,Q67,980,980,0,1871,74187,11.125,9.796875,244822016,256451,1043c0070590f68c1240ab7b95c8807fa4e9d5e0bb9ca2a396d2cc1343f39590,ca43b85f2f9b672b5987a8aabe35dbdee7667fba328fba4ddfd3cbe61d1bb244,832d507eb2662c9f8d9289a3717f81598ccbd8190fe26f44d1c06eb2093994cd
nse-reference.E1.sche_nash.low.homogeneous.n20.Q68.df9b99c8357bbadc,low,homogeneous,Q68,980,980,0,1821,51659,11.328999999910593,10.015625,242036736,255977,bcfe7bacdf345e0acca352d23841a7df2a8adb77caad0fe0c79966110c47b7f1,8e06cd7cbb71f6f3266aceb813b1c57f0b308a53b0c6d75d8f39d14cb5a288de,f63921de9d484faf6d224965391b23737b0eaf46c4c144f2c6554abf5712722b
nse-reference.E1.sche_nash.low.homogeneous.n20.Q69.c3881d4cf85de83b,low,homogeneous,Q69,981,981,0,1340,60784,11.531000000191852,10.046875,235683840,256418,c32042dac8780198b420e6e1b8db6472617f3f3f272439126d869de24b60a8b2,7b562997485a6b376dd2f0b4d65bf62c3cbea2b9380cacf5eee27a15719caf44,b0bee0bd23891649598f6a310c071b2280562777463c19202875ac4179028c79
nse-reference.E1.sche_nash.low.homogeneous.n20.Q70.cc9e8f3780c76add,low,homogeneous,Q70,984,984,0,1012,93514,12.625,11.234375,242016256,257640,37c51e9a116a264e229017d0c6c7d505a10de9bad0b310e577a5573e7fbb580e,1a52308285615beacf6bd02853270c82132e75e6582c59d0f9d13c41640152a2,38ea51f8275c7437638e467ec3f8f84afb859deedd80fbc00e705122325e91d5
nse-reference.E1.sche_nash.low.homogeneous.n20.Q71.f3618213137cbbb0,low,homogeneous,Q71,980,980,0,1275,91986,11.811999999918044,10.515625,240873472,256566,1532f1e842290469a02d0d8175e73c2ea41e58520834b6572f51bdcfe3565672,fce3aeb88df277dd95b1da6688e435bc43bf8dd2a4c4dbc150e6f9706c5aed8e,187cd69ab4615da938091a4cd83d784eb225fcf458c7da8057152a69b006c0f0
nse-reference.E1.sche_nash.low.homogeneous.n20.Q72.aafc3b6eaac83271,low,homogeneous,Q72,962,962,0,1898,72162,11.108999999938533,9.71875,235937792,251652,3311d54487a8090a9f2e1f5578a1f090aaef22bb415d105b951e0d50a5966d58,e4278dd5e1a1ac362c2c95be1220f1c97685bcf92dec6ea51242e5885f981b8b,9404550baa1cd1983998e26d33411eb5f880da4e3d5c2d004126bf39092903dc
nse-reference.E1.sche_nash.low.homogeneous.n20.Q73.4833cdd8f2e409e6,low,homogeneous,Q73,966,966,0,1906,63884,11.375,9.984375,241389568,252536,0e9cb1229f7e383bd2342458321e45b5e57add7a07d6f481805aa9712b9e0679,664e3f02787d223595f53b1b840cf09e920db03c32fbeab770115d0c8f62c592,275cef609ac333c20f113ef569e682ad7dfaa411c58c43586cc31faac1e7de5c
nse-reference.E1.sche_nash.low.homogeneous.n20.Q74.2f0b509f62c5a5a0,low,homogeneous,Q74,984,984,0,1332,61820,11.172000000020489,9.859375,232407040,257095,f745e6dcee2bd54d603db475bce238e7ee2cdde4c1ea6328af7fa49976155530,deeadc574898c0b8ede2a7b9989ee9d911b155ca00ae334f61ee0c09b453ea25,a94a9fb61947f6aace74c27c468e2a44a96a4640d1d065dfd85ceff6637c83f4
nse-reference.E1.sche_nash.low.homogeneous.n20.Q75.fe4b716620827047,low,homogeneous,Q75,991,991,0,219,102279,13.266000000061467,11.953125,240427008,259845,ff1c1a9afa7872e6f8e747da0af53c33433fa3c6ccb545d125fcb3f4312a9a70,4ce7295930a5b1b6c6d5517aedc2204f01fc3a5a298449cc73a380565b329d99,f0ee7428ed0e4863b14d9f73196ef76e43aa296741cc6e32f27292e7a77af8e2
nse-reference.E1.sche_nash.low.homogeneous.n20.Q76.45ab27b6910dca1b,low,homogeneous,Q76,958,958,0,1923,40508,12.469000000040978,10.859375,243961856,250226,b95a92831b586dd9c689d249cf21bfb9067f7559657a062cc6c8e7212a89c6bf,2355a007176776823b18fbd2df977caf55124970e73daef265b681707cecf658,25119b35ab0707caa62e6eddfccdd0cda03ef9307821d0ca7e2f6eb11cab7f3f
nse-reference.E1.sche_nash.low.homogeneous.n20.Q77.73dbc4e6460591dd,low,homogeneous,Q77,981,981,0,1912,95162,12.063000000081956,10.53125,244228096,256889,1556b050d9d70935f8d1719425e51ee7ade6fc4be57bedda2afb8fc357046de4,113e8875edeacb0c73f4c4e6dc310d316f823970897e20e9ac9500666253858f,0c6a48cd831c76a7d65aa392af2a82a4498bca494ba3b16bc18766c1a1e3dcdf
nse-reference.E1.sche_nash.low.homogeneous.n20.Q78.373a734950e42a3d,low,homogeneous,Q78,964,964,0,1851,53028,11.515000000130385,10.15625,232882176,251860,a4b7a1fbf9f900977e2cb06415a2838c247fb13ef9b6b608110eacaae7f6e4c9,9289fe56a99214eb7f8ed2c41eba245db788687ad01563a1f8302f35e880c4dc,3893020d54618d03fef0ecb7ce4ca1b6772fdf321f2a65720e84c087fd5637ff
nse-reference.E1.sche_nash.low.homogeneous.n20.Q79.d18b3dc9c640cd11,low,homogeneous,Q79,974,974,0,1169,91644,11.719000000040978,10.296875,244060160,255095,73ea846b528edce9687be9c10ad5ee5dad4d7f8ba6d63c475e41d6106e55be84,ac816f1ef65c0ad5e8ad95dcdf87795fa735362bb4b949532a8a6c54c6dc861e,4069225f5a5e911426261aabe6b09261fba145678e69ca7d2c59b99f5c7e607c
nse-reference.E1.sche_nash.low.homogeneous.n20.Q80.b37c84b971bfef1e,low,homogeneous,Q80,975,975,0,1836,42876,11.391000000061467,10.09375,232927232,254679,ff10b827dc53692fe3f0264c255b04da47de4f719085ec65e6a7242d1e3f82f1,5402c0382b090d6dbffbb84d995a9816dd31b39c80675530d9cc7043499d02e0,95cbcc317f60590fd9ccc5233028a495f0b5f52bd7c66bcb62d58f7c140f8d94
nse-reference.E1.sche_nash.middle.heterogeneous.n20.Q61.381c3d8b4519add9,middle,heterogeneous,Q61,907,907,0,16,209430,14.171999999787658,12.75,232120320,238289,503a7691305bff6cd6d35429204f0e28777c3df215bd9d2b0677378678ddc2ea,daaefbcd746f17a0a6bb2db030eda27521b9a62545ba24e2f23bb0ea483ab9ab,d72ff77a83c7a5a0d945c3af106af3fd1ee9b3dcb6dd03aa1ae2f4f2d81b9129
nse-reference.E1.sche_nash.middle.heterogeneous.n20.Q62.7ae4dd5e78197f1e,middle,heterogeneous,Q62,977,977,0,154,83403,12.905999999959022,11.65625,234401792,255558,c0e5c49cfca0e3ef785a539ed69a7b083a175901d60737b2f171583b470eb6e8,dc5a4a251a22d5260d5bd9607277a1a81c74afca9141396b8d4e4d9280012990,c5f9f9ff0540d3acda4eac4d6f5ec690d7312ec0dcae3ab953809204d40fbc7c
nse-reference.E1.sche_nash.middle.heterogeneous.n20.Q63.1fc3929ae2e099d2,middle,heterogeneous,Q63,972,972,0,166,147714,13.202999999979511,11.890625,238940160,255029,901e6a25e7befa1bedb61894537b8c31779674e4d55edc48ff88f36111421edc,3d676fba9f2426c6e5261d2047729b307e136102b1f5a774d2c55db38b114249,5ec258f572942f5d7a8c4dc954191173fa08dad5140614a3e2227e5c84286524
nse-reference.E1.sche_nash.middle.heterogeneous.n20.Q64.26b1d94489a12672,middle,heterogeneous,Q64,976,976,0,328,143028,12.844000000040978,11.59375,240136192,256242,3e0f65a98b74021ac40d0e7c6d1911699fe6309dce0850ba330d7c208c65f539,745aa10b03cd8ddec598f04bc10010beeed601389e7b664853a8d4f72259f2d4,ebcbe27fad4e86947f8b9f23b7c388d32ec12dd60858a1265c26373bc0095abb
nse-reference.E1.sche_nash.middle.heterogeneous.n20.Q65.01efac011222ae3a,middle,heterogeneous,Q65,949,949,0,1194,45490,11.656000000191852,10.171875,240254976,247912,4316def1f7d3e019d7b5ff5fac8c1737cacc3d6aa3ce29293387d1f76994075c,618e41a45f81fd487b8ddae6d9e3aba826eba7b2a37e9ce13bb896087f249056,f64708f0778ece3eb47c62cc8f271426835db1ca35c55068ff7514b026a260a6
nse-reference.E1.sche_nash.middle.heterogeneous.n20.Q66.bb399e35c70e5bd8,middle,heterogeneous,Q66,935,935,0,71,32736,12.952999999979511,11.609375,241709056,244111,2213445cfa1aedb4b2eea48d0ea65b34709a6251763a9ee8f61dd4e8ae1cd78f,11a05a913a1806987986187e49ca9cebda970c34a6bd84bf14a653ba84352034,b06bc73afda2757652e8c3484d73363c2101dd2e6a38045dc51d2f349edc07ce
nse-reference.E1.sche_nash.middle.heterogeneous.n20.Q67.70a2530bc514c259,middle,heterogeneous,Q67,936,936,0,304,36037,11.437000000150874,10.0625,243314688,244479,be10aa5f945ffa2027d7961c15e2d2562cf4e08b652c616c1f36665f6a3943a8,f84cc713791ceee192703716d332ccdd885fc431247e315626e704982675ee3e,2bf8f0dbc4eeb6851916f3966620cb0fcfa5bd61fe67ea64ace005f733575ac5
nse-reference.E1.sche_nash.middle.heterogeneous.n20.Q68.27e1deb650e61c4d,middle,heterogeneous,Q68,951,951,0,254,48890,12.030999999959022,10.703125,244248576,248463,4aef7358a43826f4594e9b092caed1858e6bf1b9cca15369675506cb2233a3d7,7ddec79901aeb2d57c93f9a76ebbcbe91709f7108bd7db9f0e943218a1ebbcaf,cd66b58b5fbe487454a583fbc5193eedfb46b363b93f535793dfe07b403e7197
nse-reference.E1.sche_nash.middle.heterogeneous.n20.Q69.61e03435d6ab4aac,middle,heterogeneous,Q69,970,970,0,265,116165,12.75,11.28125,241872896,254261,5ca8d731a9930fa51b1c01fc4eb9fd8880052644f488a4e28b7052a80cbe62b1,8f25248aa82a067df0e49ba5db98cd10ab78541c4b8e131ff4d83d59dcc1629a,374e1cf640baf8e0c7f2539e629b52174e83b6f5b27f17c4df1c250d0616bab5
nse-reference.E1.sche_nash.middle.heterogeneous.n20.Q70.bdfa8e33987ccb45,middle,heterogeneous,Q70,976,976,0,1623,51680,11.766000000061467,10.40625,241610752,255013,905bf06350f59b7a37ce4a79b01f62c9c52afd46c915220f4b3757f34db82dd8,0b08e19dc94d436499f808889bc0c0086c7daa5438dac34a0468112768fac5bf,6f0f71adc73504dcd4d867130e8ab402eeb8f13c10e37f8b3c1ebf56bb34a8b7
nse-reference.E1.sche_nash.middle.heterogeneous.n20.Q71.9f739013b4330915,middle,heterogeneous,Q71,992,992,0,0,259405,16.75,15.578125,238465024,260753,07caa199908d4088386427185feb0b2088c5ea966ccb8a45e8d6c8c0819a71d1,e92d48a0f6bcea1d22ab04aceb262be012f4469d4eb28e7be0d375113e607e6e,870ec4fd1b4f479d958a811249568d847550236805ae0ccd78635154e8d8ab7a
nse-reference.E1.sche_nash.middle.heterogeneous.n20.Q72.4b023cbbae83b0e1,middle,heterogeneous,Q72,952,952,0,168,24337,11.639999999897555,10.3125,239185920,248528,8b189c69356ed03681bedaf281bcb917a455e23044cda958f55b9e430dd16c15,5fbfa1cc6dd3e200347a61d6a97fc5f3e848e3d03004c583b9bc36d3a7335f34,8a6d76e5c31de0a853fa2976d757fcf6c6e30bda4bb67bbf17316dcf957055e3
nse-reference.E1.sche_nash.middle.heterogeneous.n20.Q73.e4055e640aac5d65,middle,heterogeneous,Q73,968,968,0,432,63590,11.844000000040978,10.46875,241192960,253087,461af4a738d613f4e2e923eb478e9a551348bc5bc82b80a60d103fb57aaa1a9a,05fd2fd898254ce9e5acc4a626e61910b46f727713c89473c034a315e433bb62,e180489eb9879a1534da4ef2e991d8bdd5da7123db5dd36a0cc9c24439576f33
nse-reference.E1.sche_nash.middle.heterogeneous.n20.Q74.81b0c0a7361bc198,middle,heterogeneous,Q74,962,962,0,52,137592,13.469000000040978,12.296875,238837760,252357,454736fb2b2ba9fdf92bf62af60a4f4f4586a2f7d924e0ffe2980c7956223fed,1fc2978807eaadd0e63ffe37f09a82d5d801ca0adae0c4044d9006a7afd4170d,9b3ece7898136c136892f62daa0a78e575cdc5b99a3f7f33711d05e2ce4d9ec2
nse-reference.E1.sche_nash.middle.heterogeneous.n20.Q75.9f6a23cb8c99f157,middle,heterogeneous,Q75,951,951,0,867,27572,11.391000000061467,9.953125,243310592,248283,bfc4d675b364d1caeadd231de2b1ff9a9b3cad2dfe58a33b42eaf82126ed834b,5b3680c071b15e4a6877e53b929a1ce1b39199589bd59afebe754532978e5ef9,83a2b8f2d437f437ff52e657cef0235de2d179a34adf9b76f87be15d13f8bd9c
nse-reference.E1.sche_nash.middle.heterogeneous.n20.Q76.21dec9e011f5330e,middle,heterogeneous,Q76,977,977,0,142,149768,15.25,13.828125,242913280,256371,bd7e665af5955663dabd2d43617d2a16ebe5579391ae45cfcd1f8613cf41bbac,93f5e27d032250105d2fa6208820bc7d21a310fb71c81eaf9c80cf776ba28a7a,44b35c54981f53e50d751071d4e328f7d5a574b87837bae88209e63c32499fe8
nse-reference.E1.sche_nash.middle.heterogeneous.n20.Q77.edbbf8c1e9a4405a,middle,heterogeneous,Q77,983,983,0,1166,119875,13.297000000020489,11.890625,242237440,257967,87f6a3c829f01fd12e2574e10ac98d4aa926db9466d7cca29620a9dc77f4b624,bd79306907f235ab39b085abdf9eb8a8a358d3d6ed8792d20f0952ce561d348b,c1b334ea18264278ce1e1e61e9e03e418a8072182009388c4854727947899368
nse-reference.E1.sche_nash.middle.heterogeneous.n20.Q78.ef24308a8c812b61,middle,heterogeneous,Q78,978,978,0,127,237027,21.17200000002049,19.140625,242282496,256996,24e4e112e69a6a66cd5b2411446960f7bb606a4b52ae8930fcc71d7c7500ee93,a8cc6936b3007d3013c8f4b5747d83bc451271aaef1412fd4e55e730f33e0ada,7c604b257894a8f3165363845029f8d3b0744c78e8aa28db4bceb768d0d2472d
nse-reference.E1.sche_nash.middle.heterogeneous.n20.Q79.53ee450df463c37d,middle,heterogeneous,Q79,964,964,0,633,94605,14.0,12.46875,240250880,252479,56875b877c10f13136419a790e7272af8f6a813d43ee2602a96716e50004945d,e3dbba0fe5a56bc46f1a54693b89c7629cfbcad8174092505efb16d5d08985d5,c7dbabab93b0bff61bdd3e946117b9ceb1427930e92817a9bd4c27a8761e0c4b
nse-reference.E1.sche_nash.middle.heterogeneous.n20.Q80.2d34faeb4a25dfa7,middle,heterogeneous,Q80,977,977,0,196,121904,15.061999999918044,13.5,240345088,256098,8dfe16367219a7b561c8646a7c0fc44d0f0bae9f15092e16a4f7277425ee1972,171ee2f6354c68f742b5bb8949adc26221090a6e07b62c93994bb3869bb843e2,3d9d2e2dfccf16dd0ff494ec4fdb05cde78cb300c806541bf71c736737c29830
nse-reference.E1.sche_nash.middle.homogeneous.n20.Q61.91189c355683062d,middle,homogeneous,Q61,913,913,0,103,236370,15.906000000191852,14.515625,243855360,240115,ab8f94146d7d34b00875ec6bc7b574e6ac3e01a89b4dc034f12c55e3ebabfbb4,d357445fadcc67b74dbbdadb4877d6aa53987231a167c089bfeb71fb2a310808,65616cf4ec91e66a1bcefcfee025389f1b986b9f432b2cc45281871b4a08b4d4
nse-reference.E1.sche_nash.middle.homogeneous.n20.Q62.6b65b3ffb8677d2b,middle,homogeneous,Q62,970,970,0,148,101142,15.483999999938533,13.921875,243380224,253917,a06f0d7c62def9a40044a6f44f71094e9bc2cc716e8b01485ba6bad5c5f56b84,42a61a855239f74bad4c371392659e8d75e3c3967d3c7c95f13e0628863a955c,9411a6f759ecd0c07504b0751d52fc9ca21b01c20aa863a5f00f58b67383273b
nse-reference.E1.sche_nash.middle.homogeneous.n20.Q63.065282adefdad5b8,middle,homogeneous,Q63,967,967,0,211,188856,16.280999999959022,14.359375,242622464,253862,586ca524c467309fe31ce7c641faced843356eb13cec71867db05f94634d0ef6,3369fc75d81b1c25569ae064cefe2bf8d75c30dfbaf1bf8229f36a53fe72d679,2ed2a20315bc56b25ae8c87f3729337654128721f66162556919ab334a7bc5bc
nse-reference.E1.sche_nash.middle.homogeneous.n20.Q64.52af51981004f6fa,middle,homogeneous,Q64,979,979,0,834,216826,14.530999999959022,12.96875,232042496,257145,2146b8c140664e0bb71473cc920d2034c8ab93474ba04d514194f54f4bd89292,c92bab319146e320cd08832eda9c83ecb87253b4bc63fcdbd5147e0942a3f3f0,56304d0c2a70005da05c8441de6e3a6f0b4434c894a350e208d3fc9915a7f242
nse-reference.E1.sche_nash.middle.homogeneous.n20.Q65.b6c4303aabfced32,middle,homogeneous,Q65,957,957,0,858,38821,12.108999999938533,10.34375,232357888,249870,a601b00ef25d2a5cbf29d7648bf1360d7bfdf5eb1ce6804da145cac2e177ec81,714187e96934fba36ccfcbd511c9bab9a26de9fa523be66ef327b2ce4b48f40a,4e9ca2d0af236262d57ac2acb1b3752611c1ef1e8323ffb34ed8e7ea7dc9598f
nse-reference.E1.sche_nash.middle.homogeneous.n20.Q66.9d24f32d5590a2da,middle,homogeneous,Q66,952,952,0,186,48533,13.202999999979511,11.703125,243761152,248748,bd5ffe36d0afddd05748687471832f93a2853f11ada3a0af08894daf65bc034b,069028332eaa422c6e4f16fc995989ce96717284998a24faf000aa4c49bd2b2f,34f690064585a76676de35e4f02269f9f3c8b684eda6faa5cf350fa7be729061
nse-reference.E1.sche_nash.middle.homogeneous.n20.Q67.abe4af89b2a688cc,middle,homogeneous,Q67,942,942,0,453,34224,12.077999999979511,10.65625,236605440,246046,17ecc4adcf4637f8a7dcb71f9ecb8ffadf89add429400be578f0010da63046e4,351b2e356f00945396808d05f8e90299048d3bcec81b649a5b3c788c82628629,62963b30aab5f7080410372520bd864b6dbd833a9f77ff88a21f160f21a01a70
nse-reference.E1.sche_nash.middle.homogeneous.n20.Q68.f90d984d67417429,middle,homogeneous,Q68,961,956,5,156,39465,12.25,11.03125,231890944,251114,8a91bf09a4b076b101357674dc2b85dccf2565130f55363bde4666e76ddcd838,f5076eca7210b1389979ea89f21421e2a9ca9b9e9d69310d4f587c7c1862e358,3d8f11224a487ad544b574858a166fe1dff5f186824d8c9dd0b7c1d80643a3ee
nse-reference.E1.sche_nash.middle.homogeneous.n20.Q69.7ff1294e69cf4ef5,middle,homogeneous,Q69,971,971,0,715,114462,12.952999999979511,11.59375,242880512,254603,0b7a804f9cc09d5fa027823ea78c98a7405eaf7f820fa31893fe52ba0c184a8d,73d621492ab37c3bf0a241f726a82967eacb9fed7d8d2759518c902964ab98e2,0964099c9e594b1c2791653c2fdd55817e3be0e753767c636a8145b6ff97fb7c
nse-reference.E1.sche_nash.middle.homogeneous.n20.Q70.c11d85effb3ef781,middle,homogeneous,Q70,969,969,0,1821,47289,11.952999999979511,10.671875,240013312,253133,b4054864a608657156bbc57e3533b83263cdfb5869ef79a6ce2ffaaff5298904,6ea9a0f5159529c1f0cefa34cee115ab74386c1a39c511c495df10c9b61eb6e3,f38284f92a21d4893db0c5d34c9808ac991afcea3971f8f919257d8056ebddc8
nse-reference.E1.sche_nash.middle.homogeneous.n20.Q71.ce9676ed245168e3,middle,homogeneous,Q71,963,963,0,0,243218,18.062999999849126,16.75,231997440,253007,92fa88772f24859984fbc8c5169746295d3571aab9cb7025020ff6b571cdd1d9,807903840c2c433afbc231d35be9c238e9aea7a93f2c43a1aa36d32bf1b290e9,b523fecaabca83c9505399b8f0b12988022a4e205e0cddb284574ede0adb3853
nse-reference.E1.sche_nash.middle.homogeneous.n20.Q72.3defc8b74621d576,middle,homogeneous,Q72,957,957,0,468,33077,12.172000000020489,10.6875,239927296,249874,5e55825913b9875e9b7cc1e7ba26b12d3ddb97946fa83a5541e66b82e83e1f8b,259b9c028690afdce6cb719a3e99f12cc2fc1849472727e0430bd5a4c05c2600,d2db8a883785563d102ca47d35ae845a36856766491eec5a1b619b51be237b61
nse-reference.E1.sche_nash.middle.homogeneous.n20.Q73.22a226e06608a60b,middle,homogeneous,Q73,972,972,0,266,54121,12.561999999918044,11.125,234319872,254031,1b413ab272335b302ce6489174e2594461fd3017bbcae04220e899062fd5e935,0279c2811ac5a06aa9990e599e9a72715469e5ddcc2d3c0563294036f28eba35,ba086b63fb45096bd384cb8a59cf4812da293fbd40d16d413db4de8ae436249d
nse-reference.E1.sche_nash.middle.homogeneous.n20.Q74.0736c5c56d601b1c,middle,homogeneous,Q74,965,965,0,100,190293,14.359999999869615,13.015625,232439808,253372,fbfe5c7fd78e21e88f74fa58508b190a4e000be0d67dd079e3c3daec60377e19,84621ec8b4c7bfb5fd1cb5df5eb6cb228ea80a39f163525b81a29e58afff9ecd,20c9e300e14c374db28981d9980bcd61a7b1083f2e29690537454a2928c924ed
nse-reference.E1.sche_nash.middle.homogeneous.n20.Q75.1dfd16e72cb27023,middle,homogeneous,Q75,949,949,0,989,34210,12.452999999979511,11.109375,239607808,247728,c0b7e4b4eadfad763f57728d7e51f79cf3adce9e0aea5cbd17b313dd912ff84b,d57a19a205c0a89eeaa4a7d17f955b084397a6191b71c7ac4942d394bab9549f,53c0ad3e9ba315fc6506a41b426fcc1291ebb48b3f766634b538bde111fa77cd
nse-reference.E1.sche_nash.middle.homogeneous.n20.Q76.b1b5611498bf137a,middle,homogeneous,Q76,976,976,0,162,221765,16.687999999849126,15.40625,232280064,256623,6ce3555e9e78f142210f96014e4cdaccdb0bbb0ed1a5dc3117b276521d9c656b,5f97fc59aa54b3379f1b2321780fb79b01f663e23368ce46b3084119e66d3c31,97932753cc77b07c13ef6ff2bacfb5db66b6dc8f862f03fd89ccf8f6ae66e5fc
nse-reference.E1.sche_nash.middle.homogeneous.n20.Q77.a831cd6544b07ea6,middle,homogeneous,Q77,983,983,0,1954,180984,13.297000000020489,11.9375,234364928,258409,3d7ce77624be3e2ed431d29c5ef2d58c33cbfeb2fab69bc51385e598f6682546,057decf72bde630da9ced99b71d587a84d5c83d7457c07ab0e8348adb6ac756a,9912fa00f3bbee4035377c7e527984ac166dba05be3bec29effbdd0b0ac14fec
nse-reference.E1.sche_nash.middle.homogeneous.n20.Q78.6af11daed1420f59,middle,homogeneous,Q78,975,975,0,109,217121,19.468999999808148,18.140625,240795648,256118,ed3f226b872d8ecbc4606f4701e5aae422b1c6291c67c1cda04ba21058c843a2,feed89eaef7e2c3e1bc61d06a6a2d1440384dd8da19904c90e7f22d1d3569d5e,ee223f20b7171cbe97c25ae64a8d61749b3788020e804fd63dd0e32fe1bae18f
nse-reference.E1.sche_nash.middle.homogeneous.n20.Q79.d2a4fc78e58514de,middle,homogeneous,Q79,966,966,0,2167,171073,13.313000000081956,11.921875,240754688,253564,f9c267d171b95f4ecc0013bc09eee04aba2a71ca3cf98250414eef7159e11c2f,021aaf47b826bb7c8b17868b5e34d785166fdb899cd491516625224225c86249,5f2e507e5ba8e41a62354ffd4976a2971a5e645b13fba87f8bc00567ab4b7246
nse-reference.E1.sche_nash.middle.homogeneous.n20.Q80.9d39093557a0c79c,middle,homogeneous,Q80,971,971,0,250,127571,14.578999999910593,13.21875,239128576,254526,c96b1a03d248bb9daaae0a5764a8ef0792897809791a2646cbc01130b93e5da6,87c11e204ab3877f44ed15bbcc772673c05042a3ffb4f48d9e20e740aa6070fb,2dfc5886c7511c76d44086d0f0eedb942f7a3e43ad03c4c277c697b6a40fd318
