state_id,players,nodes,feasible_assignments,pure_nash_equilibria,optimal_welfare,worst_nash_welfare,best_nash_welfare,exact_poa,relative_welfare_gap,ready_order_welfare,ready_order_is_pure_nash,ready_order_termination,ready_order_inner_stable,ready_order_inner_limit_hit,ready_order_oscillated,ready_order_inner_rounds,ready_order_assignment_moves,reference_welfare,reference_absolute_shortfall,reference_normalized_shortfall,reference_exact_hit,reference_runtime_ns,exact_enumeration_runtime_ns,potential_strict_improvements,potential_max_identity_residual
p04-s000,4,3,81,4,61.49571098637304,60.99270425807039,60.9927042580704,1.0082469982995728,0.008179541633628945,60.99270425807039,True,stable,True,False,False,1,0,61.49571098637304,0.0,0.0,True,1003300,2974800,324,2.706168622523819e-15
p04-s001,4,3,81,3,67.59767921070639,67.28523439785704,67.29236757853309,1.004643586600321,0.0046221233701742755,67.28523439785704,True,stable,True,False,False,2,1,67.59767921070639,0.0,0.0,True,1137000,2860400,324,2.1094237467877974e-15
p04-s002,4,3,81,10,70.2083465781205,70.13754508077753,70.2083465781205,1.0010094664314444,0.0010084484365999037,70.1676704306339,True,stable,True,False,False,2,1,70.20834657812048,1.4210854715202004e-14,2.0240976191327411e-16,True,1060800,2885800,324,2.55351295663786e-15
p04-s003,4,3,81,2,61.69802208173941,61.69802208173941,61.69802208173941,1.0,0.0,61.69802208173941,True,stable,True,False,False,2,1,61.69802208173941,0.0,0.0,True,1213000,2978900,324,2.1094237467877974e-15
p04-s004,4,3,81,4,78.76446359142774,78.68426219088735,78.71769194059702,1.00101928134429,0.0010182434677193394,78.71769194059702,True,stable,True,False,False,1,0,78.76446359142774,0.0,0.0,True,1107100,2956300,324,2.6645352591003757e-15
p04-s005,4,3,81,1,56.90130418395361,56.78697934575842,56.78697934575842,1.0020132227407115,0.0020091778182376873,56.78697934575842,True,stable,True,False,False,1,0,56.90130418395361,0.0,0.0,True,1061400,2843500,324,1.7763568394002505e-15
p04-s006,4,3,81,4,70.140862755436,70.11704713728678,70.140862755436,1.0003396551783277,0.00033953985185879214,70.11704713728678,True,stable,True,False,False,1,0,70.140862755436,0.0,0.0,True,984900,2873600,324,2.886579864025407e-15
p04-s007,4,3,81,5,67.78982431540989,67.77890847025233,67.78982431540989,1.0001610507664394,0.00016102483326651588,67.77890847025233,True,stable,True,False,False,2,1,67.78982431540989,0.0,0.0,True,1068500,2846300,324,2.275957200481571e-15
p04-s008,4,3,81,1,63.958178389762914,63.958178389762914,63.958178389762914,1.0,0.0,63.958178389762914,True,stable,True,False,False,1,0,63.958178389762914,0.0,0.0,True,858600,2907400,324,2.4424906541753444e-15
p04-s009,4,3,81,4,69.18827897723874,68.96857831415194,69.18827897723874,1.0031855182237637,0.003175402919894476,68.96857831415194,True,stable,True,False,False,1,0,69.18827897723872,1.4210854715202004e-14,2.053939615968339e-16,True,1030800,2920300,324,2.6645352591003757e-15
p04-s010,4,3,81,2,64.61808789237844,64.56063426230065,64.56063426230067,1.0008899173735555,0.0008891261247698487,64.56063426230067,True,stable,True,False,False,2,1,64.61808789237844,0.0,0.0,True,1083800,2842700,324,2.3314683517128287e-15
p04-s011,4,3,81,12,65.2115020920005,64.45602349974202,65.2115020920005,1.011720837731504,0.011585051225973197,64.8236038952337,True,stable,True,False,False,1,0,65.2115020920005,0.0,0.0,True,838600,2807900,324,2.6922908347160046e-15
p04-s012,4,3,81,4,63.40939006901074,62.594317050292105,63.05561385261626,1.0130215178809885,0.012854137499691479,62.594317050292105,True,stable,True,False,False,1,0,63.40939006901074,0.0,0.0,True,1194900,2918600,324,2.55351295663786e-15
p04-s013,4,3,81,12,73.32593597222828,73.27160543480484,73.32593597222828,1.0007414951139808,0.0007409457063598429,73.32593597222828,True,stable,True,False,False,1,0,73.32593597222828,0.0,0.0,True,1034500,2831200,324,2.609024107869118e-15
p04-s014,4,3,81,4,78.29259386868249,78.27424282930839,78.29259386868249,1.0002344454409366,0.00023439048915502232,78.29259386868247,True,stable,True,False,False,1,0,78.29259386868247,1.4210854715202004e-14,1.8150956575838309e-16,True,967300,2845200,324,3.1086244689504383e-15
p04-s015,4,3,81,4,70.22156366206106,69.73635696543133,69.74199199103911,1.0069577293357932,0.0069096538346080216,69.74199199103911,True,stable,True,False,False,1,0,70.22156366206106,0.0,0.0,True,1125300,2797800,324,2.3314683517128287e-15
p04-s016,4,3,81,4,63.41343481549367,63.37925400327714,63.41343481549367,1.0005393060040557,0.0005390153098627283,63.37925400327714,True,stable,True,False,False,1,0,63.41343481549367,0.0,0.0,True,901600,2838000,324,1.6653345369377348e-15
p04-s017,4,3,81,8,71.09418700834163,71.0013109535343,71.09418700834163,1.0013080892952542,0.0013063804329942873,71.09418700834163,True,stable,True,False,False,1,0,71.09418700834163,0.0,0.0,True,1027000,2815700,324,2.609024107869118e-15
p04-s018,4,3,81,12,72.75565436478344,72.71656935190703,72.75565436478344,1.0005374980313946,0.000537209282462746,72.74295740535979,True,stable,True,False,False,1,0,72.75565436478344,0.0,0.0,True,962500,2807800,324,1.609823385706477e-15
p04-s019,4,3,81,8,72.40293028476171,72.21270365284849,72.40293028476171,1.002634254394181,0.0026273333298121445,72.21270365284849,True,stable,True,False,False,1,0,72.40293028476171,0.0,0.0,True,889600,2818800,324,2.609024107869118e-15
p04-s020,4,3,81,1,72.71004676229353,72.47940453941716,72.47940453941716,1.0031821760173394,0.0031720818944099122,72.47940453941716,True,stable,True,False,False,1,0,72.71004676229353,0.0,0.0,True,1021100,2859800,324,3.1086244689504383e-15
p04-s021,4,3,81,1,64.16045630721413,64.16045630721413,64.16045630721413,1.0,0.0,64.16045630721413,True,stable,True,False,False,1,0,64.16045630721413,0.0,0.0,True,819700,2786400,324,2.8727020762175925e-15
p04-s022,4,3,81,12,71.23557800527095,71.01587034938642,71.23557800527095,1.0030937824855712,0.003084240516280741,71.23557800527094,True,stable,True,False,False,1,0,71.23557800527094,1.4210854715202004e-14,1.994909722519623e-16,True,1012800,2812000,324,2.192690473634684e-15
p04-s023,4,3,81,2,57.00124538618104,56.68084578735841,56.68084578735841,1.0056526961510883,0.005620922782510078,56.68084578735841,True,stable,True,False,False,2,1,57.00124538618104,0.0,0.0,True,994500,2824400,324,2.4424906541753444e-15
p04-s024,4,3,81,12,69.84251984868058,69.59972662933521,69.84251984868058,1.0034884220255404,0.003476295240655746,69.77853125077672,True,stable,True,False,False,1,0,69.84251984868058,0.0,0.0,True,1051700,2796300,324,2.4424906541753444e-15
p04-s025,4,3,81,1,70.08763144042456,70.02694213611545,70.02694213611545,1.0008666564961688,0.0008659060530629347,70.02694213611545,True,stable,True,False,False,1,0,70.08763144042456,0.0,0.0,True,1091700,2784500,324,2.1094237467877974e-15
p04-s026,4,3,81,3,65.17575764569773,64.98087110625976,65.13885476324376,1.0029991370709588,0.0029901691438310157,64.98087110625976,True,stable,True,False,False,1,0,65.17575764569773,0.0,0.0,True,1076400,2799500,324,2.3522850334245504e-15
p04-s027,4,3,81,4,64.73201880908509,64.26196717082419,64.37423240168478,1.0073146163890592,0.007261501292694532,64.26196717082419,True,stable,True,False,False,1,0,64.73201880908509,0.0,0.0,True,1091800,2785000,324,1.4432899320127035e-15
p04-s028,4,3,81,4,75.3178587313109,75.31638603377696,75.3178587313109,1.0000195534811414,1.9553098810139016e-05,75.31638603377696,True,stable,True,False,False,1,0,75.3178587313109,0.0,0.0,True,963000,2817700,324,2.3314683517128287e-15
p04-s029,4,3,81,1,74.56728887931388,74.40746020777692,74.40746020777692,1.002148019447118,0.0021434153492644378,74.40746020777692,True,stable,True,False,False,1,0,74.56728887931388,0.0,0.0,True,1099600,2851500,324,1.887379141862766e-15
p04-s030,4,3,81,12,62.00111290732436,61.7623281437209,61.826155440070835,1.0038661878653248,0.0038512980236400534,61.79147075970779,True,stable,True,False,False,1,0,62.00111290732436,0.0,0.0,True,1043000,2820500,324,9.992007221626409e-16
p04-s031,4,3,81,4,68.19445355666875,67.81288666052492,67.93524594585662,1.005626760855263,0.005595277566477545,67.81288666052492,True,stable,True,False,False,1,0,68.19445355666875,0.0,0.0,True,1089700,2815400,324,2.220446049250313e-15
p04-s032,4,3,81,4,68.45903159970122,68.13606834728617,68.42211062071407,1.0047399748803956,0.004717613510858658,68.13606834728617,True,stable,True,False,False,1,0,68.45903159970122,0.0,0.0,True,1126700,2946100,324,2.6645352591003757e-15
p04-s033,4,3,81,2,71.67933525684799,71.40545165146115,71.40545165146115,1.0038356119743308,0.0038209562687131176,71.40545165146115,True,stable,True,False,False,1,0,71.679335256848,0.0,0.0,True,1016300,2896800,324,2.3314683517128287e-15
p04-s034,4,3,81,3,60.638710150279366,60.457368789918625,60.638710150279366,1.0029994914431501,0.0029905213998009926,60.457368789918625,True,stable,True,False,False,1,0,60.638710150279366,0.0,0.0,True,1071800,2886800,324,2.6645352591003757e-15
p04-s035,4,3,81,5,68.71209291724625,68.52907202553122,68.71209291724625,1.0026707043639354,0.002663590700627525,68.52907202553124,True,stable,True,False,False,1,0,68.71209291724625,0.0,0.0,True,1139100,2838300,324,2.6645352591003757e-15
p04-s036,4,3,81,1,76.4281140949937,76.1200454820688,76.1200454820688,1.004047141734794,0.004030828400946745,76.1200454820688,True,stable,True,False,False,1,0,76.4281140949937,0.0,0.0,True,1025900,2889100,324,2.9976021664879227e-15
p04-s037,4,3,81,1,74.33576888233505,73.9548773069007,73.9548773069007,1.0051503239448794,0.005123934024779576,73.9548773069007,True,stable,True,False,False,1,0,74.33576888233505,0.0,0.0,True,1052700,2895600,324,2.275957200481571e-15
p04-s038,4,3,81,3,71.95988314014618,71.94041531096741,71.95988314014618,1.0002706104641546,0.000270537253942597,71.94041531096741,True,stable,True,False,False,2,1,71.95988314014618,0.0,0.0,True,1125400,2849100,324,2.4424906541753444e-15
p04-s039,4,3,81,6,64.89275584502452,64.86883464254977,64.89275584502452,1.0003687626362732,0.0003686267005192559,64.86883464254979,True,stable,True,False,False,1,0,64.89275584502452,0.0,0.0,True,1028900,2769200,324,2.220446049250313e-15
p04-s040,4,3,81,6,64.08181281858771,63.92830886263486,64.08181281858771,1.0024011890613702,0.0023954371638550812,63.92830886263486,True,stable,True,False,False,2,1,64.08181281858771,0.0,0.0,True,1072400,2924500,324,2.2620794126737565e-15
p04-s041,4,3,81,6,74.01573619784826,73.90586614624397,74.01573619784826,1.0014866215272666,0.0014844147643225593,73.90586614624397,True,stable,True,False,False,1,0,74.01573619784826,0.0,0.0,True,963700,2886400,324,2.886579864025407e-15
p04-s042,4,3,81,12,65.18587540732395,64.95733383698368,65.18587540732395,1.0035183336020812,0.0035059983303467514,65.08232127986564,True,stable,True,False,False,1,0,65.18587540732395,0.0,0.0,True,949900,2853500,324,2.2343238370581275e-15
p04-s043,4,3,81,1,72.21031140770295,72.21031140770295,72.21031140770295,1.0,0.0,72.21031140770295,True,stable,True,False,False,1,0,72.21031140770295,0.0,0.0,True,814300,2794100,324,1.9984014443252818e-15
p04-s044,4,3,81,4,78.02873721966598,77.97299655037588,77.97709631831508,1.0007148714523764,0.0007143607762507012,77.97709631831508,True,stable,True,False,False,1,0,78.02873721966598,0.0,0.0,True,1100200,2799200,324,2.886579864025407e-15
p04-s045,4,3,81,1,56.252841159063436,56.252841159063436,56.252841159063436,1.0,0.0,56.252841159063436,True,stable,True,False,False,1,0,56.252841159063436,0.0,0.0,True,777600,2822400,324,1.0269562977782698e-15
p04-s046,4,3,81,6,66.34063931276211,66.32097076852753,66.32305300079258,1.0002965659882035,0.00029647806289369104,66.32097076852753,True,stable,True,False,False,1,0,66.34063931276212,0.0,0.0,True,965600,2802500,324,2.4424906541753444e-15
p04-s047,4,3,81,6,67.4228188151191,66.9311712870252,67.05102215135601,1.007345568867838,0.007292004943342093,66.99004276172573,True,stable,True,False,False,1,0,67.4228188151191,0.0,0.0,True,1096400,2894400,324,2.220446049250313e-15
p04-s048,4,3,81,1,68.22540848833683,68.17087707373916,68.17087707373916,1.0007999224439885,0.00079928307951405,68.17087707373916,True,stable,True,False,False,1,0,68.22540848833683,0.0,0.0,True,1019700,2800700,324,2.220446049250313e-15
p04-s049,4,3,81,8,66.08848059644167,66.04198599933198,66.08848059644167,1.0007040157319036,0.0007035204424443773,66.07683090218474,True,stable,True,False,False,1,0,66.08848059644167,0.0,0.0,True,920400,2784400,324,2.1094237467877974e-15
p04-s050,4,3,81,4,74.22145210152358,73.80478584036393,73.83519149115216,1.0056455181925583,0.005613825240035889,73.80478584036393,True,stable,True,False,False,1,0,74.22145210152357,1.4210854715202004e-14,1.9146559805598698e-16,True,1090200,2815700,324,2.6645352591003757e-15
p04-s051,4,3,81,4,74.62263469138688,74.5682104833214,74.62263469138688,1.0007298580415531,0.0007293257372989238,74.5682104833214,True,stable,True,False,False,1,0,74.62263469138688,0.0,0.0,True,1042500,2837400,324,2.6645352591003757e-15
p04-s052,4,3,81,6,67.8199839940643,67.78099688071829,67.8199839940643,1.0005751923863648,0.000574861730274408,67.80468462904619,True,stable,True,False,False,1,0,67.80468462904619,0.015299365018108801,0.00022558785946407513,False,868000,2817600,324,2.3314683517128287e-15
p04-s053,4,3,81,4,72.45005886676512,71.72199268878614,71.88457567332975,1.0101512262931425,0.010049214443260561,71.88457567332975,True,stable,True,False,False,1,0,72.45005886676512,0.0,0.0,True,972800,2812300,324,2.1094237467877974e-15
p04-s054,4,3,81,1,62.865038918669214,62.28000667999666,62.28000667999666,1.0093935802171399,0.009306162037526633,62.28000667999666,True,stable,True,False,False,1,0,62.865038918669214,0.0,0.0,True,1149000,2800900,324,1.9984014443252818e-15
p04-s055,4,3,81,4,67.57939776432055,67.51868801200129,67.57939776432055,1.0008991547985717,0.0008983470455149209,67.51868801200129,True,stable,True,False,False,1,0,67.57939776432055,0.0,0.0,True,941800,2768600,324,2.1094237467877974e-15
p04-s056,4,3,81,1,80.04651937665744,80.04651937665744,80.04651937665744,1.0,0.0,80.04651937665744,True,stable,True,False,False,1,0,80.04651937665744,0.0,0.0,True,819600,2815200,324,2.886579864025407e-15
p04-s057,4,3,81,6,68.14787333887651,68.07363720070421,68.14787333887651,1.0010905269826178,0.0010893390290133396,68.14787333887651,True,stable,True,False,False,1,0,68.14787333887651,0.0,0.0,True,948300,2829700,324,2.4789198471708573e-15
p04-s058,4,3,81,1,76.44764131157696,76.44764131157696,76.44764131157696,1.0,0.0,76.44764131157696,True,stable,True,False,False,1,0,76.44764131157696,0.0,0.0,True,805600,2765800,324,2.4424906541753444e-15
p04-s059,4,3,81,4,60.82798082677301,60.82322390945573,60.82798082677301,1.0000782088980413,7.820278188794681e-05,60.82798082677301,True,stable,True,False,False,1,0,60.82798082677301,0.0,0.0,True,947900,2808400,324,1.27675647831893e-15
p04-s060,4,3,81,3,69.87664597194059,69.63761169596086,69.76493929073105,1.0034325455764244,0.0034208035124599313,69.76493929073105,True,stable,True,False,False,1,0,69.87664597194059,0.0,0.0,True,1097800,2774300,324,2.2343238370581275e-15
p04-s061,4,3,81,12,73.72899116010642,73.68862475197291,73.72899116010642,1.0005477970076029,0.0005474970903352008,73.72899116010642,True,stable,True,False,False,1,0,73.72899116010642,0.0,0.0,True,900100,2817800,324,2.6645352591003757e-15
p04-s062,4,3,81,12,70.26398846279474,70.25040106058557,70.26398846279474,1.0001934138738575,0.0001933764721648708,70.25526107885301,True,stable,True,False,False,1,0,70.26398846279474,0.0,0.0,True,867400,2780800,324,2.3592239273284576e-15
p04-s063,4,3,81,4,74.74981674631425,74.70137406013008,74.74981674631425,1.0006484845398584,0.0006480642801918658,74.74981674631425,True,stable,True,False,False,1,0,74.74981674631425,0.0,0.0,True,868200,2817500,324,2.7755575615628914e-15
p04-s064,4,3,81,10,63.04007397962643,62.996378727070194,63.04007397962643,1.000693615306771,0.0006931345380456711,63.04007397962643,True,stable,True,False,False,2,1,63.04007397962643,0.0,0.0,True,1027400,2865200,324,1.8318679906315083e-15
p04-s065,4,3,81,1,61.35952247442471,61.266085339651255,61.266085339651255,1.00152510372183,0.00152278132236766,61.266085339651255,True,stable,True,False,False,1,0,61.35952247442471,0.0,0.0,True,965300,2792300,324,1.5543122344752192e-15
p04-s066,4,3,81,1,53.73008346251827,53.73008346251827,53.73008346251827,1.0,0.0,53.73008346251827,True,stable,True,False,False,1,0,53.73008346251827,0.0,0.0,True,768100,2766300,324,5.551115123125783e-16
p04-s067,4,3,81,12,65.84366456533813,65.75892108366746,65.84366456533814,1.0012886993927843,0.0012870407841073014,65.84366456533813,True,stable,True,False,False,1,0,65.84366456533813,0.0,0.0,True,1023300,2802600,324,2.3314683517128287e-15
p04-s068,4,3,81,1,71.09476917576399,70.75378913748884,70.75378913748884,1.0048192477382738,0.004796133980436181,70.75378913748884,True,stable,True,False,False,1,0,71.09476917576397,1.4210854715202004e-14,1.998860799458991e-16,True,1083100,2782600,324,2.6645352591003757e-15
p04-s069,4,3,81,8,66.35133317384384,66.18191836682732,66.35133317384384,1.0025598352419691,0.002553299216650965,66.18191836682732,True,stable,True,False,False,1,0,66.35133317384384,0.0,0.0,True,1012800,2803300,324,1.3608905669038052e-15
p04-s070,4,3,81,9,70.06475171703241,69.63663555860627,69.97372880095494,1.006147858163909,0.0061102929495154765,69.97372880095494,True,stable,True,False,False,1,0,70.06475171703241,0.0,0.0,True,938600,2867000,324,2.886579864025407e-15
p04-s071,4,3,81,2,73.04125549997374,73.0270365651264,73.0270365651264,1.0001947078166682,0.0001946699129145512,73.0270365651264,True,stable,True,False,False,1,0,73.04125549997374,0.0,0.0,True,1147000,2785300,324,2.9976021664879227e-15
p04-s072,4,3,81,2,73.03246100739015,72.78003301136474,72.78003301136474,1.0034683688036525,0.003456380800311172,72.78003301136474,True,stable,True,False,False,2,1,72.92165087597118,0.11081013141897245,0.001517272318233389,False,1110600,2819200,324,2.220446049250313e-15
p04-s073,4,3,81,1,69.4084061930426,69.38199743920937,69.38199743920937,1.0003806283302288,0.00038048350742666333,69.38199743920937,True,stable,True,False,False,1,0,69.4084061930426,0.0,0.0,True,949400,2840600,324,2.55351295663786e-15
p04-s074,4,3,81,3,61.65539922409518,61.48665436439325,61.65539922409518,1.0027444144009183,0.0027369032043503163,61.48665436439325,True,stable,True,False,False,1,0,61.65539922409518,0.0,0.0,True,1099000,2841800,324,1.7486012637846216e-15
p04-s075,4,3,81,4,69.35346762547962,68.74153407800982,68.85780377248312,1.0089019477914962,0.008823402324658764,68.85780377248312,True,stable,True,False,False,1,0,69.35346762547962,0.0,0.0,True,1140000,2937600,324,1.7763568394002505e-15
p04-s076,4,3,81,4,69.05474356678828,68.99652374537666,69.05474356678828,1.000843808039177,0.0008430966274648879,68.99652374537666,True,stable,True,False,False,1,0,69.05474356678828,0.0,0.0,True,990300,2931200,324,2.1649348980190553e-15
p04-s077,4,3,81,5,63.386839277006985,63.22211985445445,63.386839277006985,1.0026054080902655,0.002598637578893878,63.386839277006985,True,stable,True,False,False,1,0,63.386839277006985,0.0,0.0,True,971100,2819100,324,1.2212453270876722e-15
p04-s078,4,3,81,4,73.35757447453963,73.0524806916303,73.16514816921523,1.0041763644440385,0.004158994965342373,73.0524806916303,True,stable,True,False,False,1,0,73.33125539188504,0.02631908265459515,0.0003587779836386189,False,1096900,2789900,324,2.7755575615628914e-15
p04-s079,4,3,81,10,66.53878886200411,66.28004071729741,66.53878886200411,1.003903862186964,0.0038886813110368245,66.28557539880667,True,stable,True,False,False,1,0,66.53878886200411,0.0,0.0,True,1183300,2822400,324,3.0531133177191805e-15
p04-s080,4,3,81,1,63.6938324081287,63.6938324081287,63.6938324081287,1.0,0.0,63.6938324081287,True,stable,True,False,False,1,0,63.6938324081287,0.0,0.0,True,816600,2810700,324,2.3314683517128287e-15
p04-s081,4,3,81,4,64.73098558163986,64.5914657495787,64.70777614944538,1.0021600350826854,0.0021553793875915776,64.5914657495787,True,stable,True,False,False,1,0,64.73098558163986,0.0,0.0,True,1073300,2809800,324,1.6653345369377348e-15
p04-s082,4,3,81,1,76.96281156799483,76.80986427722803,76.80986427722803,1.0019912454240874,0.0019872882454622692,76.80986427722803,True,stable,True,False,False,1,0,76.96281156799483,0.0,0.0,True,1028000,2816900,324,3.1086244689504383e-15
p04-s083,4,3,81,3,69.33081359110368,69.30314935302258,69.33081359110368,1.0003991772140135,0.00039901793514580914,69.33081359110368,True,stable,True,False,False,1,0,69.33081359110368,0.0,0.0,True,954200,2875000,324,2.275957200481571e-15
p04-s084,4,3,81,8,69.95991282387261,69.80804749813925,69.95991282387261,1.002175470181105,0.0021707477840302108,69.92939506885739,True,stable,True,False,False,1,0,69.95991282387261,0.0,0.0,True,951400,2837100,324,2.942091015256665e-15
p04-s085,4,3,81,3,71.34300184640452,71.33277072539794,71.34300184640452,1.0001434280612198,0.00014340749256122224,71.34300184640452,True,stable,True,False,False,1,0,71.34300184640452,0.0,0.0,True,931000,2787200,324,2.4424906541753444e-15
p04-s086,4,3,81,4,72.64292891684403,72.58190655033346,72.64292891684403,1.0008407379939552,0.0008400317473490689,72.58190655033346,True,stable,True,False,False,1,0,72.64292891684403,0.0,0.0,True,1024900,2840300,324,2.1649348980190553e-15
p04-s087,4,3,81,1,65.90118095242437,65.90118095242437,65.90118095242437,1.0,0.0,65.90118095242437,True,stable,True,False,False,1,0,65.90118095242437,0.0,0.0,True,853300,2973500,324,2.886579864025407e-15
p04-s088,4,3,81,6,69.19132017613445,68.92128466295881,69.147593447459,1.0039180278559254,0.0039027368243333997,68.92128466295881,True,stable,True,False,False,1,0,69.19132017613445,0.0,0.0,True,1153800,2943000,324,1.582067810090848e-15
p04-s089,4,3,81,1,52.759625463435555,52.759625463435555,52.759625463435555,1.0,0.0,52.759625463435555,True,stable,True,False,False,1,0,52.759625463435555,0.0,0.0,True,819000,2841900,324,7.771561172376096e-16
p04-s090,4,3,81,8,73.61229157388141,73.19185887555793,73.52435219603011,1.0057442549592615,0.00571144695178401,73.19185887555793,True,stable,True,False,False,1,0,73.61229157388141,0.0,0.0,True,1052800,2833600,324,2.6922908347160046e-15
p04-s091,4,3,81,1,62.40830915496335,62.40830915496335,62.40830915496335,1.0,0.0,62.40830915496335,True,stable,True,False,False,1,0,62.40830915496335,0.0,0.0,True,848600,2836400,324,2.4424906541753444e-15
p04-s092,4,3,81,1,71.69685974243617,71.69685974243617,71.69685974243617,1.0,0.0,71.69685974243617,True,stable,True,False,False,1,0,71.69685974243617,0.0,0.0,True,823400,2820100,324,2.220446049250313e-15
p04-s093,4,3,81,12,72.7771666465884,72.66346020805588,72.7771666465884,1.001564836552057,0.0015623916644719742,72.66346020805588,True,stable,True,False,False,1,0,72.7771666465884,0.0,0.0,True,1028500,2914900,324,2.7755575615628914e-15
p04-s094,4,3,81,12,76.70937055491942,76.66719247480953,76.70937055491942,1.0005501450979015,0.0005498426046879741,76.67693370203283,True,stable,True,False,False,1,0,76.70937055491942,0.0,0.0,True,938800,2843400,324,2.55351295663786e-15
p04-s095,4,3,81,4,68.52437556286421,68.2868772193806,68.48002829280699,1.0034779499832833,0.003465895771143911,68.48002829280699,True,stable,True,False,False,1,0,68.52437556286421,0.0,0.0,True,1103400,2814400,324,2.9976021664879227e-15
p04-s096,4,3,81,1,67.28086191530561,67.28086191530561,67.28086191530561,1.0,0.0,67.28086191530561,True,stable,True,False,False,1,0,67.28086191530561,0.0,0.0,True,805900,2798700,324,2.3175905639050143e-15
p04-s097,4,3,81,7,74.67053062521171,74.47673041312049,74.66424388845583,1.0026021578957107,0.0025954042440644474,74.63776079298762,True,stable,True,False,False,1,0,74.67053062521171,0.0,0.0,True,1011600,2804500,324,1.942890293094024e-15
p04-s098,4,3,81,1,75.17506441105256,75.17506441105256,75.17506441105256,1.0,0.0,75.17506441105256,True,stable,True,False,False,1,0,75.17506441105256,0.0,0.0,True,927700,2779800,324,2.886579864025407e-15
p04-s099,4,3,81,5,72.02494249102303,71.83925055112678,71.87979066257975,1.0025848256833372,0.0025781615850562984,71.83925055112678,True,stable,True,False,False,1,0,72.02494249102303,0.0,0.0,True,1122300,2838300,324,2.6645352591003757e-15
p06-s000,6,3,729,86,111.0207534567522,110.93279528838482,111.0207534567522,1.000792895988411,0.0007922678024486923,111.01362870831086,True,stable,True,False,False,1,0,111.01362870831086,0.0071247484413419215,6.417492423267822e-05,False,2121200,41057900,4374,3.3306690738754696e-15
p06-s001,6,3,729,24,90.95224185129135,90.82612115161652,90.90192009080097,1.0013885950217372,0.0013866694993735094,90.90192009080096,True,stable,True,False,False,1,0,90.95224185129135,0.0,0.0,True,1883800,42019300,4374,2.706168622523819e-15
p06-s002,6,3,729,1,98.59919342784411,98.59919342784411,98.59919342784411,1.0,0.0,98.59919342784411,True,stable,True,False,False,1,0,98.59919342784411,0.0,0.0,True,1468400,41267800,4374,3.3306690738754696e-15
p06-s003,6,3,729,24,96.54074506870039,96.0952716785532,96.28976701495918,1.0046357472367353,0.004614356247511633,96.0952716785532,True,stable,True,False,False,1,0,96.45998016021272,0.08076490848766582,0.0008365888250623282,False,2037700,40902900,4374,2.6645352591003757e-15
p06-s004,6,3,729,6,108.51208826822098,108.35417780136419,108.51208826822098,1.0014573546683754,0.0014552338764918663,108.51208826822098,True,stable,True,False,False,1,0,108.51208826822098,0.0,0.0,True,1776400,41743900,4374,3.219646771412954e-15
p06-s005,6,3,729,16,106.8098360283856,106.05108812874623,106.64202886354107,1.0071545508209991,0.00710372684625909,106.63584339109877,True,stable,True,False,False,2,1,106.69040670954703,0.11942931883857,0.0011181490701552116,False,1950300,41352500,4374,2.886579864025407e-15
p06-s006,6,3,729,5,88.05469273267023,86.48805671978167,87.20342470920977,1.018113900026271,0.0177916243219972,87.20342470920977,True,stable,True,False,False,1,0,88.05469273267023,0.0,0.0,True,2075900,41662100,4374,2.67841304690819e-15
p06-s007,6,3,729,58,104.69766916506732,104.4298245247023,104.69766916506732,1.0025648289804574,0.002558267461931178,104.63427203561501,True,stable,True,False,False,1,0,104.6604296360876,0.03723952897972538,0.0003556863230738517,False,1967300,41568200,4374,3.3306690738754696e-15
p06-s008,6,3,729,38,99.27880305359461,98.94990283128939,99.27490019846435,1.0033239064707926,0.0033128947186003934,99.27490019846435,True,stable,True,False,False,2,1,99.2788030535946,1.4210854715202004e-14,1.4314087476991864e-16,True,35432900,42473200,4374,2.9976021664879227e-15
p06-s009,6,3,729,1,111.61513086956302,111.61513086956302,111.61513086956302,1.0,0.0,111.61513086956302,True,stable,True,False,False,1,0,111.61513086956302,0.0,0.0,True,1469500,40799900,4374,3.3306690738754696e-15
p06-s010,6,3,729,1,108.883968397872,108.883968397872,108.883968397872,1.0,0.0,108.883968397872,True,stable,True,False,False,1,0,108.883968397872,0.0,0.0,True,1461100,41057500,4374,3.1086244689504383e-15
p06-s011,6,3,729,33,95.01101768515845,94.65838273855576,95.01101768515845,1.0037253430324988,0.003711516360883861,94.99769429870412,True,stable,True,False,False,1,0,94.9976942987041,0.01332338645434561,0.00014022990995103126,False,2064200,41437600,4374,2.886579864025407e-15
p06-s012,6,3,729,46,106.61532624522971,106.47347951393874,106.61532624522971,1.0013322259396285,0.001330453474997597,106.60056260680261,True,stable,True,False,False,2,1,106.60056260680261,0.014763638427098158,0.0001384757609158348,False,2047500,41307400,4374,3.1086244689504383e-15
p06-s013,6,3,729,20,105.74428290429185,105.07307374300886,105.13564397349265,1.0063880225196862,0.006347474708306387,105.13098539597414,True,stable,True,False,False,1,0,105.74428290429185,0.0,0.0,True,2379300,41927600,4374,3.552713678800501e-15
p06-s014,6,3,729,1,91.56092569713044,90.99117064318281,90.99117064318281,1.006261652091299,0.006222687785314597,90.99117064318281,True,stable,True,False,False,1,0,91.56092569713044,0.0,0.0,True,2153600,42442300,4374,2.7200464103316335e-15
p06-s015,6,3,729,42,97.46898670191187,97.23063678913037,97.4658227098115,1.0024513869357703,0.0024453923329524688,97.42675853869174,True,stable,True,False,False,2,1,97.46898670191186,1.4210854715202004e-14,1.457987324590013e-16,True,1967700,41287700,4374,3.219646771412954e-15
p06-s016,6,3,729,12,94.02017140203733,93.80210780077157,93.91884539092686,1.0023247196292104,0.0023193278422490027,93.91051171671194,True,stable,True,False,False,1,0,93.94388086080515,0.07629054123218282,0.0008114273787691655,False,1795600,41564500,4374,2.55351295663786e-15
p06-s017,6,3,729,2,99.92523081077115,99.65278118537331,99.65278118537333,1.002733989178797,0.002726534861988752,99.65278118537333,True,stable,True,False,False,1,0,99.92523081077115,0.0,0.0,True,2133000,40965400,4374,2.6645352591003757e-15
p06-s018,6,3,729,28,104.1343221436454,103.71267782901185,104.07861968070442,1.0040655040778015,0.004049042678281683,103.93578290765223,True,stable,True,False,False,1,0,104.07861968070442,0.05570246294098524,0.0005349097376765743,False,1895000,40828100,4374,2.9976021664879227e-15
p06-s019,6,3,729,1,104.9375478231463,104.67922735900981,104.67922735900981,1.0024677337677566,0.002461659048597573,104.67922735900981,True,stable,True,False,False,1,0,104.9375478231463,0.0,0.0,True,2104000,41165600,4374,2.6645352591003757e-15
p06-s020,6,3,729,60,110.06143109487707,109.93796861774601,110.06143109487708,1.0011230194507261,0.001121759692772186,109.97638620764789,True,stable,True,False,False,1,0,110.02292834950019,0.03850274537687426,0.0003498295905645953,False,1895300,42031900,4374,3.219646771412954e-15
p06-s021,6,3,729,60,92.79678230387373,92.46801076962339,92.79678230387373,1.0035555164593022,0.003542919550526396,92.61273012429189,True,stable,True,False,False,1,0,92.79678230387373,0.0,0.0,True,2079900,41523700,4374,1.6531914726058972e-15
p06-s022,6,3,729,18,97.42532097328855,96.66563847082539,97.35499247921773,1.0078588680991585,0.007797587884482813,97.29010945612714,True,stable,True,False,False,2,1,97.42532097328856,0.0,0.0,True,2257100,41506100,4374,3.3306690738754696e-15
p06-s023,6,3,729,30,108.79443605377864,108.29671232509058,108.79443605377864,1.004595926487537,0.00457490058077994,108.79443605377864,True,stable,True,False,False,1,0,108.79443605377864,0.0,0.0,True,1898400,41004800,4374,3.219646771412954e-15
p06-s024,6,3,729,32,88.30147921958408,87.44360966015512,88.02215186793964,1.0098105460509124,0.00971523429744197,87.7342812912103,True,stable,True,False,False,2,1,88.27313741391707,0.0283418056670115,0.00032096637471420373,False,2210400,41012100,4374,3.2751579226442118e-15
p06-s025,6,3,729,15,105.27048592227747,104.97585034784399,105.15582753650932,1.0028066986212276,0.002798843112123738,105.13320773784181,True,stable,True,False,False,1,0,105.26248945874822,0.007996463529252651,7.59611153990164e-05,False,2068900,42004200,4374,3.1086244689504383e-15
p06-s026,6,3,729,60,100.18122503830305,99.84576040120959,100.18122503830305,1.003359828557021,0.003348577909335858,99.9817647317446,True,stable,True,False,False,1,0,100.144200938584,0.037024099719047854,0.0003695712415663928,False,1895600,41255700,4374,2.7200464103316335e-15
p06-s027,6,3,729,10,98.18598015331365,97.79554168440808,98.03492413589231,1.003992395381024,0.003976519542768907,97.79554168440808,True,stable,True,False,False,1,0,98.18598015331365,0.0,0.0,True,1937700,41082500,4374,2.9976021664879227e-15
p06-s028,6,3,729,6,102.26368430374794,101.53772018350473,101.8737751553127,1.0071496988403048,0.007098943531966984,101.53772018350473,True,stable,True,False,False,1,0,102.26368430374794,0.0,0.0,True,2426700,42086400,4374,2.942091015256665e-15
p06-s029,6,3,729,5,100.29683188211554,100.15213029644886,100.2279410350038,1.001444817850987,0.001442733364068336,100.2240915815346,True,stable,True,False,False,1,0,100.29683188211554,0.0,0.0,True,2078100,41755100,4374,2.4424906541753444e-15
p06-s030,6,3,729,2,94.98715799612552,94.82829770115524,94.82829770115524,1.0016752414502992,0.001672439709973864,94.82829770115524,True,stable,True,False,False,1,0,94.98715799612552,0.0,0.0,True,1795700,41566600,4374,2.886579864025407e-15
p06-s031,6,3,729,6,101.33343388852556,99.78975797185872,100.2386296292392,1.0154692820990925,0.015233628797826021,100.08450540676995,True,stable,True,False,False,1,0,101.33343388852556,0.0,0.0,True,2016200,40903500,4374,2.220446049250313e-15
p06-s032,6,3,729,1,112.57172263160112,112.07352905247399,112.07352905247399,1.004445238615569,0.0044255659190497254,112.07352905247399,True,stable,True,False,False,1,0,112.57172263160112,0.0,0.0,True,2076200,41058800,4374,3.1086244689504383e-15
p06-s033,6,3,729,6,116.28447906261773,115.57459102901427,115.62435966131775,1.0061422500160546,0.006104753096251106,115.62435966131775,True,stable,True,False,False,1,0,116.28447906261773,0.0,0.0,True,2084000,40733200,4374,3.9968028886505635e-15
p06-s034,6,3,729,30,112.15474482763169,111.97581673943075,112.09623546745472,1.0015979172415175,0.001595367975522788,112.04379522718983,True,stable,True,False,False,1,0,112.14659631529804,0.008148512333647773,7.265419172564704e-05,False,2278500,41918500,4374,3.1086244689504383e-15
p06-s035,6,3,729,12,89.10356693992433,88.84687135017163,88.97451729158834,1.0028891910975795,0.002880867720208996,88.97451729158833,True,stable,True,False,False,1,0,89.10356693992433,0.0,0.0,True,2274300,41419300,4374,3.191891195797325e-15
p06-s036,6,3,729,10,99.41645740256516,99.1483895051897,99.17076401118922,1.0027037040007738,0.00269641369627543,99.1588134021983,True,stable,True,False,False,2,1,99.41645740256516,0.0,0.0,True,2188600,41367200,4374,3.219646771412954e-15
p06-s037,6,3,729,1,107.92026793160804,107.92026793160804,107.92026793160804,1.0,0.0,107.92026793160804,True,stable,True,False,False,1,0,107.92026793160804,0.0,0.0,True,1500300,41957200,4374,3.552713678800501e-15
p06-s038,6,3,729,50,96.5229603328513,96.02323273396843,96.5007334099693,1.0052042363567093,0.005177292502836651,96.10220199933511,True,stable,True,False,False,1,0,96.5229603328513,0.0,0.0,True,2176300,41372300,4374,2.886579864025407e-15
p06-s039,6,3,729,6,105.59678652477817,105.2693486275775,105.59678652477817,1.003110477090146,0.00310083202317747,105.59678652477817,True,stable,True,False,False,1,0,105.59678652477817,0.0,0.0,True,1634200,41209700,4374,3.3029134982598407e-15
p06-s040,6,3,729,42,101.9862674244282,101.73980540200144,101.95415698605976,1.0024224738926217,0.002416619694503452,101.91445304772598,True,stable,True,False,False,1,0,101.97844421771583,0.007823206712373576,7.670843251686381e-05,False,2030700,41897300,4374,3.1086244689504383e-15
p06-s041,6,3,729,30,93.10342568770126,92.79540531664766,93.10342568770126,1.0033193493794497,0.0033083677510084347,93.0722154286896,True,stable,True,False,False,1,0,93.0722154286896,0.03121025901165808,0.000335221381824846,False,1779500,42209900,4374,3.3306690738754696e-15
p06-s042,6,3,729,6,111.45195511601881,111.21598285257767,111.33899372393054,1.0021217477685194,0.0021172554864156462,111.33899372393054,True,stable,True,False,False,1,0,111.43161880698531,0.020336309033496036,0.000182467046112618,False,2134400,42612300,4374,3.1086244689504383e-15
p06-s043,6,3,729,1,101.80605733314997,101.80605733314997,101.80605733314997,1.0,0.0,101.80605733314997,True,stable,True,False,False,1,0,101.80605733314997,0.0,0.0,True,1448600,41310000,4374,2.886579864025407e-15
p06-s044,6,3,729,8,102.98967028283134,101.93795178918002,102.76759808474125,1.0103172417651318,0.010211883296286715,101.93795178918002,True,stable,True,False,False,1,0,102.95871946541465,0.03095081741669503,0.00030052351203472703,False,2028200,40829600,4374,3.1086244689504383e-15
p06-s045,6,3,729,30,107.55437149329047,107.30393224098864,107.55437149329047,1.002333924275388,0.0023284897566200192,107.43345434005013,True,stable,True,False,False,2,1,107.53781316640675,0.01655832688372527,0.00015395308116098494,False,2133500,43548900,4374,3.0322966360074588e-15
p06-s046,6,3,729,6,104.56817585220399,103.16366777573165,103.47257346213439,1.0136143674101004,0.013431505953182758,103.1765164898599,True,stable,True,False,False,1,0,104.43011974340132,0.13805610880267238,0.0013202497574195042,False,2464900,44809100,4374,3.552713678800501e-15
p06-s047,6,3,729,14,94.10449131005399,93.87207499855414,93.95367239516493,1.0024758833924086,0.0024697685335132984,93.88484857315545,True,stable,True,False,False,2,1,94.10449131005399,0.0,0.0,True,2263300,42115100,4374,2.8553548414578245e-15
p06-s048,6,3,729,1,92.37336194375334,92.37111460209275,92.37111460209275,1.0000243294851456,2.432889323612956e-05,92.37111460209275,True,stable,True,False,False,1,0,92.37336194375334,0.0,0.0,True,1640600,42311800,4374,2.55351295663786e-15
p06-s049,6,3,729,68,98.71141485067723,98.48199886769154,98.71141485067723,1.0023295220001973,0.0023241079396210404,98.63193355667788,True,stable,True,False,False,1,0,98.68956161355462,0.021853237122613223,0.00022138510683562847,False,1711300,42716500,4374,2.9976021664879227e-15
p06-s050,6,3,729,60,106.23933741799507,105.72292632546257,106.23933741799507,1.0048845705513558,0.004860827496511068,105.87529003936764,True,stable,True,False,False,1,0,106.12074591141297,0.11859150658210638,0.001116267377642917,False,1926600,41451100,4374,3.3306690738754696e-15
p06-s051,6,3,729,6,110.7918397153488,110.48657577437532,110.63848908806041,1.0027629052564435,0.002755292643914683,110.49412039554711,True,stable,True,False,False,1,0,110.76349633577411,0.028343379574693017,0.0002558255160986049,False,2088400,41348600,4374,3.1086244689504383e-15
p06-s052,6,3,729,1,105.89662392460426,105.58932806302349,105.58932806302349,1.0029102928034295,0.0029018475773085668,105.58932806302349,True,stable,True,False,False,1,0,105.89662392460426,0.0,0.0,True,2266500,41335600,4374,2.886579864025407e-15
p06-s053,6,3,729,26,106.12284153717796,105.68497173659358,105.95774843188279,1.004143160502287,0.004126065550468525,105.68497173659361,True,stable,True,False,False,1,0,106.07992876431626,0.04291277286169759,0.00040436886385730617,False,2071800,41735800,4374,3.1086244689504383e-15
p06-s054,6,3,729,90,105.11215254479512,105.07620597964797,105.11215254479512,1.0003420999531913,0.00034198296083640274,105.09393126408357,True,stable,True,False,False,1,0,105.10614775575993,0.006004789035188196,5.712744806200372e-05,False,1746000,42989100,4374,3.3306690738754696e-15
p06-s055,6,3,729,60,108.6775891087389,108.52299031883369,108.6775891087389,1.0014245717838313,0.0014225452659841571,108.53969207119118,True,stable,True,False,False,1,0,108.6581191218213,0.019469986917599158,0.0001791536514314666,False,1900600,41235900,4374,2.9976021664879227e-15
p06-s056,6,3,729,22,94.2249447974574,93.22472496998665,94.16058185514831,1.010729126074577,0.010615233891840223,93.22472496998665,True,stable,True,False,False,1,0,94.2249447974574,0.0,0.0,True,2046000,41098200,4374,3.1086244689504383e-15
p06-s057,6,3,729,1,97.57369464689447,97.56997901012357,97.56997901012357,1.0000380817625318,3.80803123663409e-05,97.56997901012357,True,stable,True,False,False,1,0,97.57369464689447,0.0,0.0,True,1933000,40706000,4374,2.7755575615628914e-15
p06-s058,6,3,729,24,106.71508232978103,105.38665550926828,106.46324317347731,1.0126052659522524,0.012448351175024314,105.46461921404371,True,stable,True,False,False,1,0,106.71508232978103,0.0,0.0,True,2104900,41158000,4374,3.552713678800501e-15
p06-s059,6,3,729,12,92.62504244863193,92.54122501734601,92.62504244863193,1.0009057307299554,0.0009049111241423277,92.5821871288419,True,stable,True,False,False,1,0,92.58360708232266,0.04143536630927258,0.0004473451802437968,False,1936400,41447500,4374,2.886579864025407e-15
p06-s060,6,3,729,1,100.12673392945182,99.42902401660092,99.42902401660092,1.0070171654579894,0.006968267968697505,99.42902401660092,True,stable,True,False,False,1,0,100.12673392945182,0.0,0.0,True,2071600,41878200,4374,3.1086244689504383e-15
p06-s061,6,3,729,6,107.68951620107607,107.64583459826882,107.68951620107607,1.0004057899961505,0.000405625397422091,107.68951620107607,True,stable,True,False,False,1,0,107.68951620107607,0.0,0.0,True,1794500,48285800,4374,3.3306690738754696e-15
p06-s062,6,3,729,34,96.09411166135469,94.99504727995368,95.4967036722198,1.0115697019252174,0.011437374906739555,95.15863345717338,True,stable,True,False,False,2,2,96.09411166135469,0.0,0.0,True,2248600,41577100,4374,2.6645352591003757e-15
p06-s063,6,3,729,1,92.55743124506189,92.21710309506409,92.21710309506409,1.0036905100960174,0.003676940310678288,92.21710309506409,True,stable,True,False,False,1,0,92.5574312450619,0.0,0.0,True,2124600,41461800,4374,2.6645352591003757e-15
p06-s064,6,3,729,4,105.56803587428465,105.40517457657893,105.50395419381186,1.001545097746481,0.001542714102398004,105.40517457657893,True,stable,True,False,False,1,0,105.56803587428465,0.0,0.0,True,2316500,43658200,4374,3.3306690738754696e-15
p06-s065,6,3,729,42,103.70291636903926,103.62423930185659,103.70291636903926,1.0007592535077965,0.000758677479258978,103.62815776912481,True,stable,True,False,False,1,0,103.6472300709047,0.055686298134560275,0.0005369790945550067,False,1738600,41839700,4374,2.6645352591003757e-15
p06-s066,6,3,729,1,96.73203493830925,96.70819688099965,96.70819688099965,1.0002464946930913,0.0002464339484309045,96.70819688099965,True,stable,True,False,False,1,0,96.73203493830925,0.0,0.0,True,1995300,42260100,4374,2.6645352591003757e-15
p06-s067,6,3,729,5,99.99635828337601,99.49367968689086,99.64961648529182,1.0050523671259028,0.005026969032818492,99.6496164852918,True,stable,True,False,False,1,0,99.99635828337601,0.0,0.0,True,2075900,41068200,4374,2.7755575615628914e-15
p06-s068,6,3,729,8,100.81383895081123,100.3071162368419,100.56106749599408,1.0050517125103355,0.005026320981750957,100.3071162368419,True,stable,True,False,False,1,0,100.71285701468604,0.10098193612519424,0.0010016674017786886,False,2115500,41799000,4374,3.1086244689504383e-15
p06-s069,6,3,729,4,94.76608652086986,94.27871807105538,94.59340986048095,1.0051694429006466,0.0051428571940358835,94.27871807105538,True,stable,True,False,False,1,0,94.76608652086986,0.0,0.0,True,2088800,41513100,4374,2.6645352591003757e-15
p06-s070,6,3,729,13,95.39955626628485,95.09681286863712,95.39955626628485,1.0031835283277677,0.003173425637355126,95.39955626628485,True,stable,True,False,False,1,0,95.39955626628485,0.0,0.0,True,1837000,41468500,4374,2.4424906541753444e-15
p06-s071,6,3,729,58,106.62730024659578,106.3888791408909,106.62730024659578,1.0022410340970802,0.0022360230930867932,106.56183308357853,True,stable,True,False,False,1,0,106.62730024659578,0.0,0.0,True,1986800,42398400,4374,2.9976021664879227e-15
p06-s072,6,3,729,1,106.11960553263151,106.11960553263151,106.11960553263151,1.0,0.0,106.11960553263151,True,stable,True,False,False,1,0,106.11960553263151,0.0,0.0,True,1518800,41601100,4374,3.552713678800501e-15
p06-s073,6,3,729,1,101.5072082341652,101.5072082341652,101.5072082341652,1.0,0.0,101.5072082341652,True,stable,True,False,False,1,0,101.5072082341652,0.0,0.0,True,1478700,42900100,4374,2.9976021664879227e-15
p06-s074,6,3,729,18,111.2969911701971,110.71646711305422,111.2969911701971,1.005243339787478,0.005215990576556869,110.94616229967698,True,stable,True,False,False,1,0,111.2969911701971,0.0,0.0,True,2029100,41523800,4374,2.886579864025407e-15
p06-s075,6,3,729,1,103.67232516787655,103.67232516787655,103.67232516787655,1.0,0.0,103.67232516787655,True,stable,True,False,False,1,0,103.67232516787655,0.0,0.0,True,1527000,41464400,4374,2.6645352591003757e-15
p06-s076,6,3,729,30,112.12558634383268,111.38099607113134,112.01939483249,1.0066850746443838,0.00664068119490641,111.99147391324382,True,stable,True,False,False,1,0,112.11484712306861,0.010739220764065749,9.57785026080842e-05,False,1901600,43436400,4374,3.164135620181696e-15
p06-s077,6,3,729,1,111.39627047499872,111.39627047499872,111.39627047499872,1.0,0.0,111.39627047499872,True,stable,True,False,False,1,0,111.39627047499872,0.0,0.0,True,1453200,41274800,4374,3.552713678800501e-15
p06-s078,6,3,729,18,90.90782390431487,90.55445052185907,90.75672193776833,1.0039023303705046,0.0038871613825862054,90.65784070441329,True,stable,True,False,False,2,2,90.90782390431487,0.0,0.0,True,1928500,41145700,4374,3.1086244689504383e-15
p06-s079,6,3,729,53,87.99291115677171,87.88146854841017,87.99291115677171,1.001268101343802,0.0012664952994110184,87.99243844340292,True,stable,True,False,False,2,1,87.99291115677171,0.0,0.0,True,1918100,41105900,4374,2.8171909249863347e-15
p06-s080,6,3,729,20,104.88920972227086,104.84370466330505,104.88920972227086,1.0004340275757324,0.0004338392775224973,104.8779932530186,True,stable,True,False,False,1,0,104.88111137665574,0.008098345615124458,7.720856736901276e-05,False,1742300,41812700,4374,3.1086244689504383e-15
p06-s081,6,3,729,90,112.07524436387006,111.77952152835357,111.9958005253928,1.0026455904576534,0.0026386097768065064,111.88613035144608,True,stable,True,False,False,1,0,112.04291453424706,0.03232982962299502,0.0002884653948915882,False,2344300,41361500,4374,2.942091015256665e-15
p06-s082,6,3,729,2,92.6700808472155,92.14041541587315,92.14041541587315,1.0057484593373247,0.005715603423456674,92.14041541587315,True,stable,True,False,False,2,1,92.66800529700407,0.0020755502114297997,2.239719866924196e-05,False,1951300,41320100,4374,2.886579864025407e-15
p06-s083,6,3,729,1,110.0752174012616,110.0752174012616,110.0752174012616,1.0,0.0,110.0752174012616,True,stable,True,False,False,1,0,110.0752174012616,0.0,0.0,True,1527800,43072000,4374,3.552713678800501e-15
p06-s084,6,3,729,5,101.20339751297469,100.98156468735965,101.20339751297469,1.0021967655809438,0.002191950379794302,100.98156468735965,True,stable,True,False,False,2,1,101.20339751297469,0.0,0.0,True,1824400,41522200,4374,3.1086244689504383e-15
p06-s085,6,3,729,5,108.87327425130141,108.1624488679237,108.7527521691614,1.006571831451835,0.006528924460717346,108.1624488679237,True,stable,True,False,False,1,0,108.87327425130141,0.0,0.0,True,2205200,41101800,4374,2.886579864025407e-15
p06-s086,6,3,729,9,102.03774331169106,101.51064716863564,101.79586505480809,1.005192520762672,0.005165697769748933,101.71006677266672,True,stable,True,False,False,2,1,102.03774331169106,0.0,0.0,True,2468300,43569900,4374,3.1086244689504383e-15
p06-s087,6,3,729,24,95.70035591488059,94.51404305512716,95.6245013628068,1.0125517100042105,0.01239611753177364,95.28075809625162,True,stable,True,False,False,1,0,95.70035591488059,0.0,0.0,True,2080600,43338800,4374,3.1086244689504383e-15
p06-s088,6,3,729,28,103.71421999462649,103.2683981371386,103.71421999462649,1.0043171179715196,0.004298560578394978,103.69244771843098,True,stable,True,False,False,1,0,103.69244771843098,0.021772276195505924,0.00020992566107746807,False,1762700,41566500,4374,3.3306690738754696e-15
p06-s089,6,3,729,20,102.05668174852516,101.38627129450008,101.65519273906135,1.0066124382075137,0.006569001093696409,101.38627129450008,True,stable,True,False,False,2,1,102.05668174852516,0.0,0.0,True,2140400,42114700,4374,3.552713678800501e-15
p06-s090,6,3,729,5,102.87268263770167,102.51559344106931,102.6466185241533,1.0034832671269434,0.0034711760933654264,102.64661852415328,True,stable,True,False,False,1,0,102.87268263770166,1.4210854715202004e-14,1.381402171191547e-16,True,2538200,44017100,4374,2.831068712794149e-15
p06-s091,6,3,729,2,99.75883459427686,99.75883459427685,99.75883459427686,1.0000000000000002,1.4245209231842086e-16,99.75883459427685,True,stable,True,False,False,1,0,99.75883459427685,1.4210854715202004e-14,1.4245209231842086e-16,True,1959400,43741200,4374,2.6645352591003757e-15
p06-s092,6,3,729,4,101.18702966988411,101.10944871160923,101.18702966988411,1.0007672968180863,0.0007667085250746254,101.18702966988411,True,stable,True,False,False,1,0,101.18702966988411,0.0,0.0,True,1797900,40941100,4374,2.7755575615628914e-15
p06-s093,6,3,729,1,111.40507671417171,111.40507671417171,111.40507671417171,1.0,0.0,111.40507671417171,True,stable,True,False,False,1,0,111.40507671417171,0.0,0.0,True,1500200,41608000,4374,3.1086244689504383e-15
p06-s094,6,3,729,14,102.02824386914833,101.50688263914344,101.5728619125019,1.005136215559474,0.00510996965382971,101.5424653423539,True,stable,True,False,False,1,0,102.02824386914833,0.0,0.0,True,2045800,43113400,4374,3.1086244689504383e-15
p06-s095,6,3,729,1,108.47347885209606,108.10385006098548,108.10385006098548,1.003419200989623,0.003407549891661312,108.10385006098548,True,stable,True,False,False,1,0,108.47347885209606,0.0,0.0,True,1967800,42140800,4374,3.3306690738754696e-15
p06-s096,6,3,729,1,114.64612699938245,114.64612699938245,114.64612699938245,1.0,0.0,114.64612699938245,True,stable,True,False,False,1,0,114.64612699938245,0.0,0.0,True,1483500,41385400,4374,3.3306690738754696e-15
p06-s097,6,3,729,15,107.75408257237736,107.63802573696803,107.75408257237736,1.001078214084797,0.0010770527913071886,107.70530836869143,True,stable,True,False,False,1,0,107.75408257237736,0.0,0.0,True,1722700,40869800,4374,2.942091015256665e-15
p06-s098,6,3,729,40,96.23637978132524,96.07115890563108,96.23637978132525,1.0017197760241079,0.001716823472262635,96.1481176853391,True,stable,True,False,False,2,2,96.20764148293445,0.028738298390791783,0.0002986219811685859,False,1997100,41302500,4374,2.942091015256665e-15
p06-s099,6,3,729,22,91.46829855192831,90.44351435742082,91.46829855192831,1.0113306542960911,0.011203708943221457,91.46829855192831,True,stable,True,False,False,2,1,91.46829855192831,0.0,0.0,True,2092200,42573400,4374,2.7755575615628914e-15
p08-s000,8,3,6561,331,132.07329756441655,131.22287311123495,132.07329756441655,1.006480763856319,0.006439033997518101,131.70461287813467,True,stable,True,False,False,1,0,132.0493675657961,0.023929998620445758,0.00018118725784653254,False,3560400,554972200,52488,3.552713678800501e-15
p08-s001,8,3,6561,96,126.70839385848545,125.68544504302027,126.4243073301744,1.0081389600451751,0.008073252168342275,126.00048708483057,True,stable,True,False,False,2,3,126.63634402891748,0.07204982956797323,0.0005686271238544957,False,3455100,556905300,52488,2.6645352591003757e-15
p08-s002,8,3,6561,5,131.59038544932702,131.36803279803274,131.47162872196515,1.0016925932935004,0.0016897332623126667,131.36803279803274,True,stable,True,False,False,1,0,131.5711960617296,0.019189387597407404,0.00014582666911327558,False,3559200,562100500,52488,3.1086244689504383e-15
p08-s003,8,3,6561,30,137.68702893719558,137.1384244364309,137.2656545636624,1.0040003704506535,0.003984431249619802,137.16140636260968,True,stable,True,False,False,1,0,137.66822752833284,0.01880140886274262,0.00013655177984353686,False,3432600,558315700,52488,3.552713678800501e-15
p08-s004,8,3,6561,98,132.74761402966047,131.793438111245,132.55808747869966,1.0072399349473686,0.007187895054763669,131.9505211657686,True,stable,True,False,False,2,1,132.6528330933264,0.09478093633407525,0.000713993520914793,False,4295500,565243600,52488,3.552713678800501e-15
p08-s005,8,3,6561,168,138.98511668000992,138.39350784760956,138.8696541559427,1.0042748308183056,0.004256634426277807,138.505250898925,True,stable,True,False,False,1,0,138.91732041990753,0.06779626010239781,0.0004877951087272704,False,3169000,564977800,52488,3.552713678800501e-15
p08-s006,8,3,6561,300,121.08359369494619,120.48179221718374,121.08359369494619,1.0049949578827448,0.004970132281327955,120.71002498916219,True,stable,True,False,False,2,1,121.05693554175593,0.026658153190254552,0.0002201632143279145,False,3901000,556458300,52488,3.1086244689504383e-15
p08-s007,8,3,6561,440,138.9094929896491,138.47632681709572,138.9094929896491,1.0031280882625195,0.0031183338390389794,138.7313770779339,True,stable,True,False,False,1,0,138.8678870150226,0.04160597462649207,0.00029951858387095514,False,3126900,564058500,52488,3.552713678800501e-15
p08-s008,8,3,6561,1,132.22900884315897,132.22900884315897,132.22900884315897,1.0,0.0,132.22900884315897,True,stable,True,False,False,1,0,132.22900884315897,0.0,0.0,True,2387200,559433900,52488,3.1086244689504383e-15
p08-s009,8,3,6561,1,127.51627503927747,127.51627503927747,127.51627503927747,1.0,0.0,127.51627503927747,True,stable,True,False,False,1,0,127.51627503927747,0.0,0.0,True,2396900,561569700,52488,2.6645352591003757e-15
p08-s010,8,3,6561,368,133.09794541735167,132.50994122766744,133.09794541735167,1.0044374345368847,0.004417830702348096,132.8682053670193,True,stable,True,False,False,2,4,132.90794625718354,0.1899991601681279,0.001427513847583091,False,3719400,557069900,52488,3.552713678800501e-15
p08-s011,8,3,6561,420,139.60704975760723,139.36710704850265,139.60704975760726,1.0017216595377922,0.0017187005206483687,139.55339507418597,True,stable,True,False,False,1,0,139.5920319854122,0.015017772195022872,0.00010757173238097561,False,2783500,567836200,52488,3.608224830031759e-15
p08-s012,8,3,6561,18,135.05365457894166,134.72043935818834,134.97906354182058,1.0024733828240227,0.002467280295318079,134.72043935818837,True,stable,True,False,False,2,1,134.98788227096705,0.06577230797461198,0.0004870087239006679,False,3283300,555230100,52488,3.552713678800501e-15
p08-s013,8,3,6561,24,129.06795358588647,128.184235639881,128.87673025592804,1.0068941234590514,0.006846919947618274,128.52827138188212,True,stable,True,False,False,2,1,128.84661004289103,0.22134354299544157,0.0017149380372576497,False,3359500,564046600,52488,3.552713678800501e-15
p08-s014,8,3,6561,140,135.04945329554624,134.72910631502802,134.9692008431594,1.0023777117601387,0.0023720716574628918,134.89714173363217,True,stable,True,False,False,1,0,134.97574314037098,0.07371015517526303,0.0005458012111604297,False,3418500,552971300,52488,3.2751579226442118e-15
p08-s015,8,3,6561,84,132.00875216236204,131.71491937749033,132.00875216236204,1.0022308238600488,0.002225858362105536,131.78565518476532,True,stable,True,False,False,1,0,131.9578465624848,0.05090559987723964,0.0003856229154763096,False,3193800,562640000,52488,3.1086244689504383e-15
p08-s016,8,3,6561,108,133.33186847389234,132.5233159030794,133.2546768358853,1.006101209929008,0.00606421090522149,133.2546768358853,True,stable,True,False,False,1,0,133.31398446454622,0.017884009346119,0.0001341315437248287,False,3402100,555488300,52488,3.552713678800501e-15
p08-s017,8,3,6561,6,139.0801763558662,138.956642962337,139.08017635586623,1.000889006749844,0.0008882171188300753,138.956642962337,True,stable,True,False,False,1,0,139.02136057539548,0.058815780470723666,0.00042289118414856613,False,2972700,560665500,52488,3.552713678800501e-15
p08-s018,8,3,6561,310,125.16281489239952,124.77873528656446,125.16281489239954,1.003078085420188,0.0030686398844996907,125.01297014142213,True,stable,True,False,False,1,0,125.03974283257506,0.1230720598244659,0.0009832957171047086,False,4014500,560304400,52488,3.552713678800501e-15
p08-s019,8,3,6561,23,138.3848519144421,136.90171717213707,137.60101875910397,1.0108335729670956,0.010717464533054456,137.586045171054,True,stable,True,False,False,1,0,138.3848519144421,0.0,0.0,True,4132500,561531100,52488,3.247402347028583e-15
p08-s020,8,3,6561,1,152.24944900851392,151.55842009612175,151.55842009612175,1.0045594887565725,0.004538794175560708,151.55842009612175,True,stable,True,False,False,1,0,152.24407898684703,0.005370021666891489,3.527120591806669e-05,False,3510100,558845300,52488,3.9968028886505635e-15
p08-s021,8,3,6561,56,141.80542924107442,141.32690002045172,141.7093010868167,1.0033859740824531,0.003374547950552633,141.59985588414554,True,stable,True,False,False,1,0,141.79447883235173,0.010950408722692373,7.722136438144605e-05,False,3748700,556856200,52488,3.3306690738754696e-15
p08-s022,8,3,6561,24,125.67558334531347,124.51905958773372,125.3881331469841,1.0092879255706624,0.009202453864105146,125.09780167034403,True,stable,True,False,False,1,0,125.5653805146798,0.11020283063366776,0.0008768833825968256,False,3469600,589992500,52488,3.552713678800501e-15
p08-s023,8,3,6561,70,144.76099433137864,144.7365381089645,144.76099433137864,1.0001689706188477,0.0001689420726010398,144.74984308272337,True,stable,True,False,False,1,0,144.75952682164225,0.0014675097363863188,1.0137466540378819e-05,False,2896500,560307200,52488,3.552713678800501e-15
p08-s024,8,3,6561,6,126.39080069480944,125.36472060480693,125.6035470294879,1.0081847595164917,0.008118313076282675,125.6035470294879,True,stable,True,False,False,1,0,126.37095775557489,0.019842939234550272,0.00015699670486671086,False,3149200,563730300,52488,3.552713678800501e-15
p08-s025,8,3,6561,8,130.9386302538692,130.8084873350456,130.93475295850862,1.0009949118858799,0.0009939230200535002,130.93475295850862,True,stable,True,False,False,1,0,130.93863025386918,2.842170943040401e-14,2.1706130097205712e-16,True,3213500,559481300,52488,2.886579864025407e-15
p08-s026,8,3,6561,8,139.7767091772311,138.53828451540684,139.0669079342559,1.0089392233068004,0.008860021595257311,138.9689570352532,True,stable,True,False,False,1,0,139.70289646976485,0.07381270746626001,0.0005280758711572507,False,3498300,556893000,52488,3.3306690738754696e-15
p08-s027,8,3,6561,4,141.30028924425528,141.11665677475722,141.19458975275026,1.0013012813206819,0.0012995901882453538,141.19458975275023,True,stable,True,False,False,1,0,141.22061256625574,0.0796766779995437,0.0005638819171970169,False,4934300,554764500,52488,3.3306690738754696e-15
p08-s028,8,3,6561,134,133.41947772724944,132.566925056623,133.41947772724944,1.0064311114575697,0.006390016548927869,133.212887355913,True,stable,True,False,False,1,0,133.22279669555527,0.19668103169416895,0.0014741553110876782,False,3153100,560719500,52488,3.552713678800501e-15
p08-s029,8,3,6561,164,130.26139037805194,129.81335730117306,130.10677947981267,1.003451363451293,0.0034394925125440412,130.095865546531,True,stable,True,False,False,1,0,130.20385919324585,0.05753118480609487,0.0004416595327220493,False,3453800,561533300,52488,2.7755575615628914e-15
p08-s030,8,3,6561,84,129.63247832918802,128.56046100405956,129.25943595627203,1.0083386238409227,0.008269666205147921,128.919062790078,True,stable,True,False,False,2,1,129.56665507373273,0.06582325545528533,0.0005077682406729439,False,3506400,555864300,52488,3.219646771412954e-15
p08-s031,8,3,6561,8,142.5062782283177,141.43971392914196,141.68049142671885,1.0075407696293142,0.007484332005828871,141.6345636696103,True,stable,True,False,False,1,0,142.50627822831774,0.0,0.0,True,3483400,564486400,52488,3.552713678800501e-15
p08-s032,8,3,6561,302,145.0842965946187,144.05791763178686,145.07417293363642,1.0071247660642664,0.007074362883666565,144.34731878163,True,stable,True,False,False,1,0,145.08429659461873,0.0,0.0,True,3427400,559120600,52488,3.9968028886505635e-15
p08-s033,8,3,6561,466,135.65675933872078,135.31886618902433,135.65675933872078,1.0024970143425858,0.002490794792265067,135.54110881023595,True,stable,True,False,False,1,0,135.65403809781213,0.0027212409086416756,2.0059751699117484e-05,False,2849300,560814900,52488,3.3306690738754696e-15
p08-s034,8,3,6561,42,134.3336179160178,133.42810245503253,133.9766950337812,1.0067865422974926,0.006740795603014113,133.82714554613398,True,stable,True,False,False,1,0,134.0639202503115,0.26969766570630327,0.0020076706776029204,False,3459800,564997200,52488,3.3306690738754696e-15
p08-s035,8,3,6561,28,135.50825284214585,134.7939662210109,135.40094314925466,1.0052990993674287,0.005271166930083848,135.40094314925466,True,stable,True,False,False,2,1,135.40094314925466,0.1073096928911923,0.0007919052208295964,False,3253500,557492000,52488,3.552713678800501e-15
p08-s036,8,3,6561,2,116.35685336120129,115.47874533294952,115.47874533294952,1.007604066235046,0.007546680774581474,115.47874533294952,True,stable,True,False,False,2,1,116.35685336120129,0.0,0.0,True,3734300,570891200,52488,2.6645352591003757e-15
p08-s037,8,3,6561,152,135.0942776527876,134.53680027822247,135.0311944940195,1.0041436794498775,0.004126580224204154,134.8712633712887,True,stable,True,False,False,2,1,135.02481640300635,0.06946124978125567,0.0005141687049082968,False,3482400,562231200,52488,3.389649672058681e-15
p08-s038,8,3,6561,21,127.87567812215902,127.3880662945336,127.61190371650619,1.0038277669314644,0.0038131710016004877,127.56017448876258,True,stable,True,False,False,1,0,127.875678122159,1.4210854715202004e-14,1.1113023933782343e-16,True,3505300,559893700,52488,3.164135620181696e-15
p08-s039,8,3,6561,240,132.99431938467407,132.8021030060522,132.98180626272224,1.0014473895689222,0.0014452976601647951,132.9791870908943,True,stable,True,False,False,1,0,132.98799106202497,0.006328322649096663,4.758340565503824e-05,False,3298900,563606600,52488,2.9976021664879227e-15
p08-s040,8,3,6561,8,148.3718287121402,147.464053884655,147.68105290751242,1.006155905819565,0.006118242494984737,147.6322085914529,True,stable,True,False,False,1,0,148.37182871214023,0.0,0.0,True,3472400,559723600,52488,3.3306690738754696e-15
p08-s041,8,3,6561,8,135.45709898055634,134.33582451316647,134.8653564311225,1.0083468015434705,0.008277709147977663,134.8653564311225,True,stable,True,False,False,1,0,135.36408961908108,0.09300936147525363,0.0006866333486781988,False,3194100,559887800,52488,3.774758283725532e-15
p08-s042,8,3,6561,154,141.64297076320096,141.27424561312117,141.64297076320096,1.002609995533719,0.0026032011902393133,141.56184290307226,True,stable,True,False,False,1,0,141.61586946202226,0.027101301178703352,0.00019133530617633943,False,3481700,567282400,52488,3.3306690738754696e-15
p08-s043,8,3,6561,160,125.19965667755305,123.98984115237138,124.49143210845672,1.009757376200643,0.009663089798221265,124.17118890119454,True,stable,True,False,False,1,0,125.19965667755305,0.0,0.0,True,3627300,553978300,52488,3.552713678800501e-15
p08-s044,8,3,6561,290,128.80881855902211,128.39309883736132,128.75514960262865,1.0032378665631194,0.003227416618764372,128.50871524206303,True,stable,True,False,False,2,2,128.7123580678812,0.0964604911409026,0.0007488655840493015,False,3904800,562740600,52488,3.1086244689504383e-15
p08-s045,8,3,6561,420,139.57851332233054,138.8294365139168,139.57851332233054,1.005395662672294,0.0053667057384677395,139.57339525096825,True,stable,True,False,False,1,0,139.57339525096825,0.005118071362289811,3.666804610872004e-05,False,3114300,565222900,52488,3.552713678800501e-15
p08-s046,8,3,6561,206,134.74238707868062,133.13921178230228,134.31686026174637,1.0120413458583464,0.011898076998162359,133.92559994721296,True,stable,True,False,False,1,0,134.72756863510156,0.014818443579059704,0.00010997610997055228,False,3380200,570857600,52488,3.552713678800501e-15
p08-s047,8,3,6561,197,123.70291731281718,123.15900295120642,123.62950474374745,1.0044163589228328,0.004396940455618533,123.23357867647954,True,stable,True,False,False,1,0,123.62950474374745,0.07341256906973115,0.0005934586723131765,False,4194900,567160700,52488,3.552713678800501e-15
p08-s048,8,3,6561,2,123.49738147024442,123.08681007468056,123.08681007468056,1.0033356246320362,0.0033245352304314803,123.08681007468056,True,stable,True,False,False,2,1,123.49738147024442,0.0,0.0,True,3648100,567472600,52488,2.886579864025407e-15
p08-s049,8,3,6561,8,128.56943633744362,126.80013028276474,127.4726416818487,1.0139535034446205,0.013761482550449658,127.4726416818487,True,stable,True,False,False,1,0,128.3606056806725,0.2088306567711129,0.0016242636097665974,False,3785300,555368700,52488,2.886579864025407e-15
p08-s050,8,3,6561,146,136.4568088675482,136.00412171404164,136.429583677475,1.0033284811357288,0.0033174391022580654,136.429583677475,True,stable,True,False,False,2,1,136.429583677475,0.027225190073210115,0.00019951507219867823,False,3171800,558926900,52488,3.3306690738754696e-15
p08-s051,8,3,6561,1,135.50996679325476,135.35531354465127,135.35531354465127,1.0011425724233018,0.0011412684414530679,135.35531354465127,True,stable,True,False,False,1,0,135.50996679325476,0.0,0.0,True,3649800,554386200,52488,3.1086244689504383e-15
p08-s052,8,3,6561,1,133.85037939221093,132.79506727539055,132.79506727539055,1.0079469225662718,0.007884266907664706,132.79506727539055,True,stable,True,False,False,1,0,133.83869328713686,0.011686105074062425,8.730722413434166e-05,False,3982700,556156300,52488,3.3306690738754696e-15
p08-s053,8,3,6561,56,141.40591287276357,140.77240950931707,141.39791328642062,1.004500195497503,0.004480034466568008,140.8761204500055,True,stable,True,False,False,1,0,141.40591287276354,2.842170943040401e-14,2.0099378344933666e-16,True,3721200,560254900,52488,3.552713678800501e-15
p08-s054,8,3,6561,24,140.22611339431492,139.44771693632464,139.72383755436476,1.0055819949949107,0.005551009288843634,139.69666097715537,True,stable,True,False,False,1,0,140.17217173007413,0.05394166424079572,0.00038467631267160706,False,3697400,551738500,52488,3.552713678800501e-15
p08-s055,8,3,6561,28,152.2458526839045,152.2060405002264,152.2458526839045,1.000261567698281,0.0002614992985112916,152.23725431528928,True,stable,True,False,False,1,0,152.24134443501438,0.0045082488901186935,2.961163677462399e-05,False,2934500,556700900,52488,3.3306690738754696e-15
p08-s056,8,3,6561,37,134.97851525095243,134.69712783051608,134.82652888086363,1.0020890380141616,0.0020846830320602468,134.81868089187887,True,stable,True,False,False,2,1,134.97851525095243,0.0,0.0,True,3544900,564731300,52488,3.552713678800501e-15
p08-s057,8,3,6561,1,134.93560643303675,134.82999920466236,134.82999920466236,1.0007832621004031,0.0007826490810400335,134.82999920466236,True,stable,True,False,False,1,0,134.93560643303672,2.842170943040401e-14,2.1063165002714525e-16,True,3576600,557143300,52488,3.3306690738754696e-15
p08-s058,8,3,6561,25,129.49743713522764,128.50417378113417,128.69465140952963,1.0077294248495396,0.007670139085889838,128.69465140952963,True,stable,True,False,False,1,0,129.47843262492495,0.019004510302693234,0.0001467558796769683,False,3815700,553567600,52488,3.3306690738754696e-15
p08-s059,8,3,6561,26,139.24178268899178,139.05906178628112,139.24178268899178,1.001313980551598,0.0013122562723775141,139.17770481570474,True,stable,True,False,False,1,0,139.2225349358967,0.01924775309507254,0.0001382325960165564,False,3784200,562209500,52488,3.1086244689504383e-15
p08-s060,8,3,6561,168,140.1118405194571,139.43265236711855,140.1118405194571,1.0048710839305437,0.004847471490064655,140.1118405194571,True,stable,True,False,False,1,0,140.1118405194571,0.0,0.0,True,3106300,556878500,52488,3.9968028886505635e-15
p08-s061,8,3,6561,56,140.93904172003184,140.43263704714911,140.80523420168538,1.0036060326397824,0.0035930758908427267,140.67166184548395,True,stable,True,False,False,1,0,140.83455248192928,0.10448923810255906,0.0007413789453040383,False,3498500,574272400,52488,3.552713678800501e-15
p08-s062,8,3,6561,126,144.38316207210823,144.246435997223,144.38316207210823,1.0009478644927343,0.0009469668964374239,144.33034090598886,True,stable,True,False,False,1,0,144.38316207210823,0.0,0.0,True,3165900,566036100,52488,3.219646771412954e-15
p08-s063,8,3,6561,36,127.0569981740245,126.48674395540988,126.94595487924023,1.004508410927359,0.004488176383905821,126.77872516877949,True,stable,True,False,False,1,0,126.9569012201497,0.10009695387479667,0.0007878114178150044,False,4011600,568996300,52488,2.4980018054066022e-15
p08-s064,8,3,6561,1,137.27544180377225,137.27544180377225,137.27544180377225,1.0,0.0,137.27544180377225,True,stable,True,False,False,1,0,137.27544180377225,0.0,0.0,True,2471500,555746900,52488,3.9968028886505635e-15
p08-s065,8,3,6561,210,120.29499919997693,119.81615301529492,120.29499919997693,1.0039965077548507,0.003980599259043052,120.13478709979198,True,stable,True,False,False,2,1,120.29499919997693,0.0,0.0,True,4091600,568621500,52488,2.1371793224034263e-15
p08-s066,8,3,6561,25,127.38468185979002,126.56809702541597,127.01581909364033,1.0064517430028996,0.006410384847315118,127.01581909364033,True,stable,True,False,False,1,0,127.3629138745367,0.021767985253319466,0.00017088385303092477,False,3096600,565668100,52488,3.1086244689504383e-15
p08-s067,8,3,6561,141,130.85211302715874,130.36711346871417,130.77702380900104,1.003720260006838,0.0037064709711176593,130.69488601189133,True,stable,True,False,False,2,1,130.85211302715874,0.0,0.0,True,3256600,560744100,52488,3.164135620181696e-15
p08-s068,8,3,6561,1,133.05292756822527,132.7313299861874,132.7313299861874,1.0024229214163027,0.0024170650576099684,132.7313299861874,True,stable,True,False,False,1,0,133.05292756822527,0.0,0.0,True,3608900,564252100,52488,3.3306690738754696e-15
p08-s069,8,3,6561,44,138.1698903878435,137.43386720260514,138.1698903878435,1.005355471691365,0.005326943396801907,137.54341972955507,True,stable,True,False,False,1,0,138.15778612686074,0.012104260982766846,8.760418748824459e-05,False,3367300,561056000,52488,3.219646771412954e-15
p08-s070,8,3,6561,8,150.55193934938876,150.0738227428793,150.2166084969729,1.0031858761093106,0.00317575853606176,150.21660849697287,True,stable,True,False,False,1,0,150.53980173277765,0.012137616611113344,8.062079215695353e-05,False,3532400,558331000,52488,3.552713678800501e-15
p08-s071,8,3,6561,171,134.72291848507845,134.1323947117829,134.50743554358428,1.0044025440279691,0.004383246591863011,134.3597919570177,True,stable,True,False,False,2,1,134.537096780191,0.1858217048874451,0.0013792880007125602,False,3735000,569461300,52486,3.112093915902392e-15
p08-s072,8,3,6561,26,139.95450210047053,139.7728349323639,139.95450210047053,1.0012997315837124,0.0012980444743121802,139.95450210047053,True,stable,True,False,False,1,0,139.95450210047053,0.0,0.0,True,3583800,556717400,52488,3.3306690738754696e-15
p08-s073,8,3,6561,146,125.55158324153209,124.21494498798754,125.39481407224108,1.0107606878840047,0.010646128221044954,124.48206413285487,True,stable,True,False,False,1,0,125.55158324153209,0.0,0.0,True,4240500,567087500,52488,3.552713678800501e-15
p08-s074,8,3,6561,56,121.23851603647972,119.75322186809619,120.72790017938831,1.0124029578930205,0.01225100914247927,120.72790017938831,True,stable,True,False,False,1,0,121.23851603647972,0.0,0.0,True,4624800,555703200,52488,3.3306690738754696e-15
p08-s075,8,3,6561,334,125.82384105582392,125.27389469169768,125.82384105582392,1.0043899518369703,0.004370764391799556,125.53221045167962,True,stable,True,False,False,1,0,125.74521428164297,0.07862677418094677,0.0006248956757413139,False,2805800,567416300,52488,3.219646771412954e-15
p08-s076,8,3,6561,1,131.6441438086523,131.626028678736,131.626028678736,1.0001376257424017,0.00013760680416320854,131.626028678736,True,stable,True,False,False,1,0,131.6441438086523,0.0,0.0,True,3003900,555045400,52488,3.2751579226442118e-15
p08-s077,8,3,6561,18,139.80092359456867,139.68916479998907,139.80092359456867,1.0008000534238974,0.0007994138501095156,139.75825153084511,True,stable,True,False,False,1,0,139.80092359456867,0.0,0.0,True,3253400,563310100,52488,3.3306690738754696e-15
p08-s078,8,3,6561,56,141.2611870542117,141.009024892151,141.26118705421172,1.0017882696675164,0.0017850774676268807,141.22566355480328,True,stable,True,False,False,1,0,141.2611870542117,0.0,0.0,True,3204700,558752300,52488,3.3306690738754696e-15
p08-s079,8,3,6561,42,137.6721980294191,136.75758924992277,136.9338464633641,1.0066878100477838,0.006643380381715683,136.7614211583844,True,stable,True,False,False,1,0,137.59030036368983,0.08189766572925805,0.0005948743965848311,False,3636200,571667500,52488,3.9968028886505635e-15
p08-s080,8,3,6561,320,137.58725647329578,137.3381561095804,137.58725647329578,1.001813773905022,0.0018104900853497196,137.4358883029639,True,stable,True,False,False,2,1,137.55287887518534,0.03437759811043861,0.00024986033584520914,False,4174200,558423100,52488,3.4416913763379853e-15
p08-s081,8,3,6561,188,135.1456745008617,134.48926443332647,135.1456745008617,1.0048807618236373,0.004857055691642193,134.61284504183948,True,stable,True,False,False,1,0,135.14302755093183,0.0026469499298684696,1.9585901950946957e-05,False,3441500,577520700,52488,3.552713678800501e-15
p08-s082,8,3,6561,6,138.46775664617658,138.19848340007147,138.333909576788,1.0019484529748826,0.0019446638887433026,138.333909576788,True,stable,True,False,False,1,0,138.46775664617658,0.0,0.0,True,3661400,565064500,52488,3.3306690738754696e-15
p08-s083,8,3,6561,305,145.80930122941584,145.48997168624385,145.6946165700952,1.002194856040392,0.0021900491976815455,145.66958750102577,True,stable,True,False,False,2,1,145.8012412480424,0.008059981373435221,5.527755297828137e-05,False,3865800,555746700,52488,3.3861802251067274e-15
p08-s084,8,3,6561,1,132.72748116553737,132.15684037171866,132.15684037171866,1.0043179058474285,0.00429934169478444,132.15684037171866,True,stable,True,False,False,1,0,132.72748116553737,0.0,0.0,True,3894700,565067500,52488,3.3306690738754696e-15
p08-s085,8,3,6561,43,127.02292658249539,126.57061279998305,126.69937298209165,1.0035736082215791,0.0035608830207401795,126.6769022113227,True,stable,True,False,False,1,0,126.97663167428402,0.04629490821136528,0.0003644610422457786,False,4093500,560671400,52488,3.552713678800501e-15
p08-s086,8,3,6561,42,130.91232432733423,130.69313170896805,130.74866250090392,1.0016771548397378,0.0016743467010646622,130.69950222676965,True,stable,True,False,False,1,0,130.8857283657878,0.026595961546433955,0.0002031585771858515,False,3699900,561551800,52488,3.1086244689504383e-15
p08-s087,8,3,6561,44,132.5054627334568,130.8579671335387,131.92317392721418,1.0125899525722943,0.012433416448891203,131.7853099337557,True,stable,True,False,False,1,0,132.38159756334844,0.12386517010835973,0.0009347929327074042,False,3503300,556901300,52488,3.1086244689504383e-15
p08-s088,8,3,6561,122,117.18645842996865,116.28457740307879,116.78732693305753,1.0077558094721681,0.00769611983306789,116.70666703494614,True,stable,True,False,False,2,1,116.97574005676162,0.21071837320702969,0.0017981461000714197,False,3446900,559270700,52488,3.184952301893418e-15
p08-s089,8,3,6561,264,145.0261481933976,144.5701398488115,144.9743835413647,1.0031542360342391,0.0031443181127447863,144.61207312213855,True,stable,True,False,False,2,1,144.96195924333756,0.06418895006004277,0.00044260259863238244,False,3429600,562451800,52488,3.3861802251067274e-15
p08-s090,8,3,6561,111,121.03780444479997,120.33190811235548,120.89240302321873,1.0058662439873005,0.005832031865436095,120.73688115896732,True,stable,True,False,False,1,0,121.02958400772663,0.008220437073347853,6.79162771586528e-05,False,2863700,562000500,52488,2.609024107869118e-15
p08-s091,8,3,6561,13,135.23373552311415,134.02024713574463,134.80793207882368,1.009054515368416,0.008973266786393796,134.80793207882368,True,stable,True,False,False,2,2,135.16459145795156,0.06914406516258964,0.000511293020895452,False,3207600,567962700,52488,3.552713678800501e-15
p08-s092,8,3,6561,56,143.38715685600437,142.99429521393137,143.3871568560044,1.002747393813755,0.002739866321971428,143.19745285047097,True,stable,True,False,False,1,0,143.28980301971237,0.097353836292001,0.000678957853873677,False,3817800,558572300,52488,3.3306690738754696e-15
p08-s093,8,3,6561,28,128.5905656783711,128.3081740694683,128.4441313938803,1.0022008855706255,0.0021960523107823694,128.41876683008496,True,stable,True,False,False,2,1,128.47944242806892,0.11112325030217107,0.0008641633211266134,False,3224400,556438400,52488,3.1086244689504383e-15
p08-s094,8,3,6561,2,131.72721792937773,131.0540215705339,131.0540215705339,1.0051367852033561,0.005110533490540598,131.0540215705339,True,stable,True,False,False,2,1,131.60739003976448,0.11982788961324786,0.0009096668972200612,False,3690300,565138400,52488,3.552713678800501e-15
p08-s095,8,3,6561,7,137.17439821336202,137.02937174039857,137.17439821336205,1.0010583604895906,0.001057241546909329,137.15496901257688,True,stable,True,False,False,2,1,137.15769396640653,0.016704246955498547,0.00012177379433089726,False,3643100,571890100,52488,3.3306690738754696e-15
p08-s096,8,3,6561,232,128.66807367038024,128.07481186178921,128.66807367038024,1.0046321505373847,0.0046107926517251815,128.36941805683088,True,stable,True,False,False,3,2,128.5473567556326,0.12071691474764634,0.0009382041038159704,False,4967900,554704900,52488,3.3306690738754696e-15
p08-s097,8,3,6561,27,138.45143029995063,137.50130541918583,137.8571389421602,1.0069099335302183,0.006862514014527611,137.57370890535998,True,stable,True,False,False,1,0,138.38937705396782,0.06205324598280981,0.0004481950518558994,False,3450600,559866300,52488,3.3306690738754696e-15
p08-s098,8,3,6561,341,135.59468546668106,134.93349178015578,135.51034292442804,1.0049001450848285,0.004876250748689938,134.9334917801558,True,stable,True,False,False,1,0,135.54284784551368,0.051837621167379666,0.00038229832525491896,False,3386600,571902600,52488,3.552713678800501e-15
p08-s099,8,3,6561,151,131.98086969049467,131.32612493462838,131.98086969049467,1.0049856398046635,0.004960906511691555,131.51074426861572,True,stable,True,False,False,2,1,131.72937257838342,0.25149711211125236,0.001905557318276751,False,3797000,565691000,52488,3.1086244689504383e-15
